run,physical_id,session_version,frame_id,track_id,request_id,video_timestamp,status,reason,mapped_rect,sharpness,ocr_status,ocr_text,ocr_scores,crop_transport_ms,queue_wait_ms,ocr_ms,submit_server_monotonic,crop_path,jev_latest,ocr_done_server_estimate
v1-ocr-cold,A,9,358,2,358:2:1,1.726596,rejected,unknown_request,"{""x"": 1375, ""y"": 124, ""w"": 747, ""h"": 1757}",13.204,,,[],,,,,evidence/v1-ocr-cold/358_2_1-crop_jpeg.jpg,,
v1-ocr-cold,A,9,359,2,359:2:2,2.278973,rejected,unknown_request,"{""x"": 1386, ""y"": 97, ""w"": 729, ""h"": 1716}",12.838,,,[],,,,,evidence/v1-ocr-cold/359_2_2-crop_jpeg.jpg,,
v1-ocr-cold,A,9,360,2,360:2:3,2.801271,rejected,blurry,"{""x"": 1346, ""y"": 82, ""w"": 727, ""h"": 1714}",14.32,,,[],367.9,,,,evidence/v1-ocr-cold/360_2_3-crop_jpeg.jpg,,
v1-ocr-cold,A,9,361,2,361:2:4,3.322726,accepted,accepted,"{""x"": 1327, ""y"": 89, ""w"": 727, ""h"": 1722}",15.639,done,AKBA,[0.9818018674850464],359.84,840.04411099977,1017.9664339998453,2754.793121479,evidence/v1-ocr-cold/361_2_4-crop_jpeg.jpg,"{""source_request_ids"": [""361:2:4""], ""lines"": [{""text"": ""AKBA"", ""score"": 0.9818018674850464}], ""result"": {""status"": ""candidate"", ""choice"": ""aqua-minerale-0-5l"", ""confidence"": 0.77, ""probabilities"": {""aqua-minerale-0-5l"": 0.8, ""dobryi-cola-no-sugar-0-5l"": 0, ""domik-v-derevne-2-5-930ml"": 0, ""senezhskaya-0-5l"": 0, ""saint-spring-0-75l"": 0, ""other_product"": 0.01, ""insufficient_evidence"": 0.19, ""prostokvashino-2-5-930ml"": 0, ""stantsiya-molochnaya-kefir-1-0-430g"": 0}}, ""duration_ms"": 900.8615419998023, ""source_ids_dropped"": 0, ""error"": false}",2756.6511320239997
v1-ocr-cold,A,9,364,2,364:2:5,4.938919,accepted,accepted,"{""x"": 1326, ""y"": 123, ""w"": 711, ""h"": 1694}",15.166,done,AKBA,[0.9812785983085632],424.18,97.15619100006734,601.0934750001979,2756.563241285,evidence/v1-ocr-cold/364_2_5-crop_jpeg.jpg,,2757.2614909510003
v1-ocr-cold,A,9,368,4,368:4:6,7.443636,rejected,blurry,"{""x"": 2705, ""y"": 148, ""w"": 993, ""h"": 1789}",7.155,,,[],405.12,,,,evidence/v1-ocr-cold/368_4_6-crop_jpeg.jpg,,
v1-ocr-cold,A,9,369,4,369:4:7,7.962164,rejected,blurry,"{""x"": 2703, ""y"": 142, ""w"": 986, ""h"": 1774}",9.35,,,[],379.67,,,,evidence/v1-ocr-cold/369_4_7-crop_jpeg.jpg,,
v1-ocr-cold,A,9,370,4,370:4:8,8.538598,rejected,unknown_request,"{""x"": 2644, ""y"": 160, ""w"": 989, ""h"": 1776}",8.133,,,[],,,,,evidence/v1-ocr-cold/370_4_8-crop_jpeg.jpg,,
v1-ocr-cold,A,9,371,4,371:4:9,9.108188,rejected,blurry,"{""x"": 2585, ""y"": 285, ""w"": 954, ""h"": 1714}",7.158,,,[],392.65,,,,evidence/v1-ocr-cold/371_4_9-crop_jpeg.jpg,,
v1-ocr-cold,A,9,372,4,372:4:10,9.643809,rejected,blurry,"{""x"": 2566, ""y"": 361, ""w"": 946, ""h"": 1697}",8.823,,,[],402.84,,,,evidence/v1-ocr-cold/372_4_10-crop_jpeg.jpg,,
v1-ocr-cold,S,9,372,2,372:2:11,9.643809,accepted,accepted,"{""x"": 975, ""y"": 332, ""w"": 730, ""h"": 1738}",16.739,done,СЕНЕЖСКАЯ | 11074 | НEГАЗИРОВАННАЯ,"[0.6825115084648132, 0.47228947281837463, 0.6080764532089233]",411.92,4.5818209996468795,764.1693580003448,2761.180713657,evidence/v1-ocr-cold/372_2_11-crop_jpeg.jpg,"{""source_request_ids"": [""372:2:11""], ""lines"": [{""text"": ""11074"", ""score"": 0.47228947281837463}, {""text"": ""НEГАЗИРОВАННАЯ"", ""score"": 0.6080764532089233}, {""text"": ""СЕНЕЖСКАЯ"", ""score"": 0.6825115084648132}], ""result"": {""status"": ""candidate"", ""choice"": ""senezhskaya-0-5l"", ""confidence"": 1, ""probabilities"": {""prostokvashino-2-5-930ml"": 0, ""insufficient_evidence"": 0, ""stantsiya-molochnaya-kefir-1-0-430g"": 0, ""domik-v-derevne-2-5-930ml"": 0, ""senezhskaya-0-5l"": 1, ""other_product"": 0, ""aqua-minerale-0-5l"": 0, ""dobryi-cola-no-sugar-0-5l"": 0, ""saint-spring-0-75l"": 0}}, ""duration_ms"": 837.6432000000023, ""source_ids_dropped"": 0, ""error"": false}",2761.949464836
v1-ocr-cold,A,9,373,4,373:4:12,10.215494,rejected,blurry,"{""x"": 2506, ""y"": 343, ""w"": 964, ""h"": 1731}",10.396,,,[],715.32,,,,evidence/v1-ocr-cold/373_4_12-crop_jpeg.jpg,,
v1-ocr-cold,A,9,374,4,374:4:13,10.875196,rejected,blurry,"{""x"": 2494, ""y"": 340, ""w"": 965, ""h"": 1733}",11.385,,,[],390.39,,,,evidence/v1-ocr-cold/374_4_13-crop_jpeg.jpg,,
v1-ocr-cold,A,9,375,4,375:4:14,11.763964,rejected,blurry,"{""x"": 2503, ""y"": 355, ""w"": 961, ""h"": 1722}",14.151,,,[],386.1,,,,evidence/v1-ocr-cold/375_4_14-crop_jpeg.jpg,,
v1-ocr-cold,A,9,376,4,376:4:15,12.330331,rejected,unknown_request,"{""x"": 2511, ""y"": 359, ""w"": 958, ""h"": 1715}",12.313,,,[],,,,,evidence/v1-ocr-cold/376_4_15-crop_jpeg.jpg,,
v1-ocr-cold,A,9,377,4,377:4:16,12.895034,rejected,blurry,"{""x"": 2517, ""y"": 369, ""w"": 957, ""h"": 1707}",11.722,,,[],399.86,,,,evidence/v1-ocr-cold/377_4_16-crop_jpeg.jpg,,
v1-ocr-cold,A,9,378,4,378:4:17,13.44735,rejected,blurry,"{""x"": 2525, ""y"": 377, ""w"": 958, ""h"": 1704}",11.509,,,[],404.54,,,,evidence/v1-ocr-cold/378_4_17-crop_jpeg.jpg,,
v1-ocr-cold,A,9,379,4,379:4:18,14.025876,rejected,blurry,"{""x"": 2527, ""y"": 377, ""w"": 960, ""h"": 1704}",11.372,,,[],382.53,,,,evidence/v1-ocr-cold/379_4_18-crop_jpeg.jpg,,
v1-ocr-cold,A,9,380,4,380:4:19,14.611031,rejected,blurry,"{""x"": 2523, ""y"": 391, ""w"": 958, ""h"": 1698}",11.331,,,[],378.41,,,,evidence/v1-ocr-cold/380_4_19-crop_jpeg.jpg,,
v1-ocr-cold,A,9,381,4,381:4:20,15.170901,rejected,blurry,"{""x"": 2612, ""y"": 442, ""w"": 823, ""h"": 1457}",14.485,,,[],376.52,,,,evidence/v1-ocr-cold/381_4_20-crop_jpeg.jpg,,
v1-ocr-cold,A,9,382,4,382:4:21,15.724193,rejected,blurry,"{""x"": 2544, ""y"": 412, ""w"": 893, ""h"": 1608}",6.472,,,[],372.27,,,,evidence/v1-ocr-cold/382_4_21-crop_jpeg.jpg,,
v1-ocr-cold,A,9,383,4,383:4:22,16.276257,rejected,blurry,"{""x"": 2559, ""y"": 389, ""w"": 908, ""h"": 1659}",5.535,,,[],382.39,,,,evidence/v1-ocr-cold/383_4_22-crop_jpeg.jpg,,
v1-ocr-cold,S,9,383,5,383:5:23,16.276257,rejected,blurry,"{""x"": 1967, ""y"": 840, ""w"": 907, ""h"": 1320}",9.416,,,[],389.05,,,,evidence/v1-ocr-cold/383_5_23-crop_jpeg.jpg,,
v1-ocr-cold,A,9,384,4,384:4:24,16.831533,rejected,blurry,"{""x"": 2659, ""y"": 357, ""w"": 922, ""h"": 1705}",14.712,,,[],403.98,,,,evidence/v1-ocr-cold/384_4_24-crop_jpeg.jpg,,
v1-ocr-cold,S,9,384,5,384:5:25,16.831533,accepted,accepted,"{""x"": 2066, ""y"": 799, ""w"": 935, ""h"": 1361}",20.682,done,СEНЕЖCKAЯ | пнтосиля,"[0.5675244331359863, 0.254874587059021]",413.38,3.786967999985791,839.734652000061,2768.368233064,evidence/v1-ocr-cold/384_5_25-crop_jpeg.jpg,"{""source_request_ids"": [""384:5:25""], ""lines"": [{""text"": ""пнтосиля"", ""score"": 0.254874587059021}, {""text"": ""СEНЕЖCKAЯ"", ""score"": 0.5675244331359863}], ""result"": {""status"": ""candidate"", ""choice"": ""senezhskaya-0-5l"", ""confidence"": 0.96, ""probabilities"": {""prostokvashino-2-5-930ml"": 0.01, ""insufficient_evidence"": 0.02, ""dobryi-cola-no-sugar-0-5l"": 0, ""stantsiya-molochnaya-kefir-1-0-430g"": 0, ""aqua-minerale-0-5l"": 0, ""other_product"": 0, ""domik-v-derevne-2-5-930ml"": 0, ""saint-spring-0-75l"": 0, ""senezhskaya-0-5l"": 0.97}}, ""duration_ms"": 807.0956349997687, ""source_ids_dropped"": 0, ""error"": false}",2769.211754684
v1-ocr-cold,A,9,385,4,385:4:26,17.397178,rejected,blurry,"{""x"": 2685, ""y"": 340, ""w"": 920, ""h"": 1727}",11.456,,,[],548.21,,,,evidence/v1-ocr-cold/385_4_26-crop_jpeg.jpg,,
v1-ocr-cold,A,9,386,4,386:4:27,18.000009,rejected,blurry,"{""x"": 2692, ""y"": 381, ""w"": 899, ""h"": 1706}",9.348,,,[],378.39,,,,evidence/v1-ocr-cold/386_4_27-crop_jpeg.jpg,,
v1-ocr-cold,A,9,387,4,387:4:28,18.871625,rejected,blurry,"{""x"": 2673, ""y"": 427, ""w"": 879, ""h"": 1680}",11.27,,,[],382.33,,,,evidence/v1-ocr-cold/387_4_28-crop_jpeg.jpg,,
v1-ocr-cold,W,9,387,2,387:2:29,18.871625,rejected,blurry,"{""x"": 812, ""y"": 513, ""w"": 708, ""h"": 1546}",10.491,,,[],391.22,,,,evidence/v1-ocr-cold/387_2_29-crop_jpeg.jpg,,
v1-ocr-cold,A,9,388,4,388:4:30,19.43475,rejected,blurry,"{""x"": 2675, ""y"": 433, ""w"": 871, ""h"": 1679}",13.705,,,[],376.67,,,,evidence/v1-ocr-cold/388_4_30-crop_jpeg.jpg,,
v1-ocr-cold,W,9,388,2,388:2:31,19.43475,rejected,blurry,"{""x"": 730, ""y"": 377, ""w"": 758, ""h"": 1650}",12.371,,,[],384.67,,,,evidence/v1-ocr-cold/388_2_31-crop_jpeg.jpg,,
v1-ocr-cold,A,9,389,4,389:4:32,20.001645,rejected,blurry,"{""x"": 2671, ""y"": 438, ""w"": 864, ""h"": 1680}",12.594,,,[],407.49,,,,evidence/v1-ocr-cold/389_4_32-crop_jpeg.jpg,,
v1-ocr-cold,W,9,389,2,389:2:33,20.001645,rejected,blurry,"{""x"": 704, ""y"": 322, ""w"": 771, ""h"": 1675}",11.332,,,[],415.52,,,,evidence/v1-ocr-cold/389_2_33-crop_jpeg.jpg,,
v1-ocr-cold,A,9,390,4,390:4:34,20.558632,rejected,blurry,"{""x"": 2679, ""y"": 438, ""w"": 855, ""h"": 1675}",14.541,,,[],371.01,,,,evidence/v1-ocr-cold/390_4_34-crop_jpeg.jpg,,
v1-ocr-cold,W,9,390,2,390:2:35,20.558632,rejected,blurry,"{""x"": 699, ""y"": 289, ""w"": 783, ""h"": 1691}",13.356,,,[],379.35,,,,evidence/v1-ocr-cold/390_2_35-crop_jpeg.jpg,,
v1-ocr-cold,A,9,391,4,391:4:36,21.150046,rejected,blurry,"{""x"": 2684, ""y"": 438, ""w"": 851, ""h"": 1685}",12.034,,,[],424.25,,,,evidence/v1-ocr-cold/391_4_36-crop_jpeg.jpg,,
v1-ocr-cold,W,9,391,2,391:2:37,21.150046,rejected,blurry,"{""x"": 714, ""y"": 360, ""w"": 745, ""h"": 1585}",11.721,,,[],431.96,,,,evidence/v1-ocr-cold/391_2_37-crop_jpeg.jpg,,
v1-ocr-cold,A,9,392,4,392:4:38,21.702718,rejected,blurry,"{""x"": 2690, ""y"": 419, ""w"": 847, ""h"": 1689}",10.645,,,[],375.44,,,,evidence/v1-ocr-cold/392_4_38-crop_jpeg.jpg,,
v1-ocr-cold,W,9,392,2,392:2:39,21.702718,rejected,blurry,"{""x"": 694, ""y"": 314, ""w"": 762, ""h"": 1622}",10.561,,,[],381.49,,,,evidence/v1-ocr-cold/392_2_39-crop_jpeg.jpg,,
v1-ocr-cold,A,9,393,4,393:4:40,22.305038,rejected,blurry,"{""x"": 2679, ""y"": 392, ""w"": 847, ""h"": 1700}",10.837,,,[],367.41,,,,evidence/v1-ocr-cold/393_4_40-crop_jpeg.jpg,,
v1-ocr-cold,W,9,393,2,393:2:41,22.305038,rejected,blurry,"{""x"": 617, ""y"": 265, ""w"": 736, ""h"": 1566}",7.437,,,[],374.3,,,,evidence/v1-ocr-cold/393_2_41-crop_jpeg.jpg,,
v1-ocr-cold,A,9,394,4,394:4:42,22.854075,rejected,blurry,"{""x"": 2611, ""y"": 230, ""w"": 902, ""h"": 1824}",9.728,,,[],382.41,,,,evidence/v1-ocr-cold/394_4_42-crop_jpeg.jpg,,
v1-ocr-cold,A,9,395,4,395:4:43,23.396839,rejected,blurry,"{""x"": 2591, ""y"": 168, ""w"": 917, ""h"": 1862}",9.093,,,[],370.63,,,,evidence/v1-ocr-cold/395_4_43-crop_jpeg.jpg,,
v1-ocr-cold,A,9,396,4,396:4:44,23.954629,rejected,blurry,"{""x"": 2584, ""y"": 163, ""w"": 897, ""h"": 1832}",9.596,,,[],381.99,,,,evidence/v1-ocr-cold/396_4_44-crop_jpeg.jpg,,
v1-ocr-cold,W,9,396,6,396:6:45,23.954629,rejected,blurry,"{""x"": 0, ""y"": 78, ""w"": 861, ""h"": 1322}",4.927,,,[],391.16,,,,evidence/v1-ocr-cold/396_6_45-crop_jpeg.jpg,,
v1-ocr-cold,A,9,397,4,397:4:46,24.502649,rejected,blurry,"{""x"": 2560, ""y"": 147, ""w"": 883, ""h"": 1812}",7.08,,,[],404.27,,,,evidence/v1-ocr-cold/397_4_46-crop_jpeg.jpg,,
v1-ocr-cold,W,9,397,6,397:6:47,24.502649,rejected,blurry,"{""x"": 31, ""y"": 82, ""w"": 849, ""h"": 1301}",4.432,,,[],413.29,,,,evidence/v1-ocr-cold/397_6_47-crop_jpeg.jpg,,
v1-ocr-cold,A,9,398,4,398:4:48,25.06007,rejected,blurry,"{""x"": 2622, ""y"": 154, ""w"": 865, ""h"": 1783}",6.452,,,[],437.85,,,,evidence/v1-ocr-cold/398_4_48-crop_jpeg.jpg,,
v1-ocr-cold,W,9,398,6,398:6:49,25.06007,rejected,blurry,"{""x"": 155, ""y"": 81, ""w"": 835, ""h"": 1283}",4.069,,,[],444.71,,,,evidence/v1-ocr-cold/398_6_49-crop_jpeg.jpg,,
v1-ocr-cold,A,9,399,4,399:4:50,25.680493,rejected,blurry,"{""x"": 2695, ""y"": 207, ""w"": 849, ""h"": 1759}",10.324,,,[],379,,,,evidence/v1-ocr-cold/399_4_50-crop_jpeg.jpg,,
v1-ocr-cold,W,9,399,6,399:6:51,25.680493,rejected,blurry,"{""x"": 263, ""y"": 116, ""w"": 818, ""h"": 1263}",5.313,,,[],387.59,,,,evidence/v1-ocr-cold/399_6_51-crop_jpeg.jpg,,
v1-ocr-cold,A,9,400,4,400:4:52,26.257122,rejected,blurry,"{""x"": 2692, ""y"": 286, ""w"": 831, ""h"": 1718}",9.528,,,[],417.54,,,,evidence/v1-ocr-cold/400_4_52-crop_jpeg.jpg,,
v1-ocr-cold,W,9,400,6,400:6:53,26.257122,rejected,blurry,"{""x"": 273, ""y"": 165, ""w"": 808, ""h"": 1253}",5.636,,,[],424.26,,,,evidence/v1-ocr-cold/400_6_53-crop_jpeg.jpg,,
v1-ocr-cold,A,9,401,4,401:4:54,26.81716,rejected,blurry,"{""x"": 2660, ""y"": 359, ""w"": 823, ""h"": 1697}",10.59,,,[],383.46,,,,evidence/v1-ocr-cold/401_4_54-crop_jpeg.jpg,,
v1-ocr-cold,W,9,401,6,401:6:55,26.81716,rejected,blurry,"{""x"": 275, ""y"": 218, ""w"": 794, ""h"": 1241}",6.189,,,[],389.49,,,,evidence/v1-ocr-cold/401_6_55-crop_jpeg.jpg,,
v1-ocr-cold,A,9,402,4,402:4:56,27.408553,rejected,blurry,"{""x"": 2630, ""y"": 379, ""w"": 818, ""h"": 1695}",11.851,,,[],376.63,,,,evidence/v1-ocr-cold/402_4_56-crop_jpeg.jpg,,
v1-ocr-cold,P,9,402,2,402:2:57,27.408553,rejected,blurry,"{""x"": 575, ""y"": 327, ""w"": 944, ""h"": 1833}",11.767,,,[],387.15,,,,evidence/v1-ocr-cold/402_2_57-crop_jpeg.jpg,,
v1-ocr-cold,A,9,403,4,403:4:58,27.966808,rejected,blurry,"{""x"": 2616, ""y"": 411, ""w"": 809, ""h"": 1673}",12.938,,,[],391.43,,,,evidence/v1-ocr-cold/403_4_58-crop_jpeg.jpg,,
v1-ocr-cold,P,9,403,2,403:2:59,27.966808,rejected,blurry,"{""x"": 595, ""y"": 355, ""w"": 946, ""h"": 1805}",11.307,,,[],401.8,,,,evidence/v1-ocr-cold/403_2_59-crop_jpeg.jpg,,
v1-ocr-cold,A,9,404,4,404:4:60,28.535681,rejected,blurry,"{""x"": 2615, ""y"": 433, ""w"": 806, ""h"": 1663}",13.239,,,[],396.01,,,,evidence/v1-ocr-cold/404_4_60-crop_jpeg.jpg,,
v1-ocr-cold,P,9,404,2,404:2:61,28.535681,rejected,blurry,"{""x"": 606, ""y"": 384, ""w"": 941, ""h"": 1776}",11.679,,,[],404.64,,,,evidence/v1-ocr-cold/404_2_61-crop_jpeg.jpg,,
v1-ocr-cold,A,9,405,4,405:4:62,29.119827,rejected,blurry,"{""x"": 2617, ""y"": 454, ""w"": 803, ""h"": 1658}",12.869,,,[],433.38,,,,evidence/v1-ocr-cold/405_4_62-crop_jpeg.jpg,,
v1-ocr-cold,P,9,405,2,405:2:63,29.119827,rejected,blurry,"{""x"": 607, ""y"": 355, ""w"": 958, ""h"": 1805}",11.962,,,[],447.74,,,,evidence/v1-ocr-cold/405_2_63-crop_jpeg.jpg,,
v1-ocr-cold,A,9,406,4,406:4:64,29.718894,rejected,blurry,"{""x"": 2632, ""y"": 471, ""w"": 795, ""h"": 1646}",11.651,,,[],395.56,,,,evidence/v1-ocr-cold/406_4_64-crop_jpeg.jpg,,
v1-ocr-cold,P,9,406,2,406:2:65,29.718894,rejected,blurry,"{""x"": 628, ""y"": 399, ""w"": 940, ""h"": 1761}",11.138,,,[],406.98,,,,evidence/v1-ocr-cold/406_2_65-crop_jpeg.jpg,,
v1-ocr-cold,W,9,406,6,406:6:66,29.718894,rejected,blurry,"{""x"": 427, ""y"": 248, ""w"": 830, ""h"": 1287}",5.646,,,[],414.64,,,,evidence/v1-ocr-cold/406_6_66-crop_jpeg.jpg,,
v1-ocr-cold,A,9,407,4,407:4:67,30.336367,rejected,blurry,"{""x"": 2641, ""y"": 471, ""w"": 793, ""h"": 1639}",12.707,,,[],474.51,,,,evidence/v1-ocr-cold/407_4_67-crop_jpeg.jpg,,
v1-ocr-cold,P,9,407,2,407:2:68,30.336367,rejected,blurry,"{""x"": 625, ""y"": 379, ""w"": 949, ""h"": 1781}",11.106,,,[],484.79,,,,evidence/v1-ocr-cold/407_2_68-crop_jpeg.jpg,,
v1-ocr-cold,W,9,407,6,407:6:69,30.336367,rejected,blurry,"{""x"": 439, ""y"": 235, ""w"": 848, ""h"": 1309}",5.686,,,[],492.49,,,,evidence/v1-ocr-cold/407_6_69-crop_jpeg.jpg,,
v1-ocr-cold,A,9,408,4,408:4:70,30.968489,rejected,blurry,"{""x"": 2653, ""y"": 467, ""w"": 792, ""h"": 1638}",12.99,,,[],384.66,,,,evidence/v1-ocr-cold/408_4_70-crop_jpeg.jpg,,
v1-ocr-cold,P,9,408,2,408:2:71,30.968489,rejected,blurry,"{""x"": 633, ""y"": 395, ""w"": 942, ""h"": 1765}",11.501,,,[],392.59,,,,evidence/v1-ocr-cold/408_2_71-crop_jpeg.jpg,,
v1-ocr-cold,W,9,408,6,408:6:72,30.968489,rejected,blurry,"{""x"": 442, ""y"": 230, ""w"": 855, ""h"": 1312}",5.703,,,[],400.45,,,,evidence/v1-ocr-cold/408_6_72-crop_jpeg.jpg,,
v1-ocr-cold,A,9,409,4,409:4:73,31.581459,rejected,blurry,"{""x"": 2662, ""y"": 474, ""w"": 788, ""h"": 1636}",13.814,,,[],445.36,,,,evidence/v1-ocr-cold/409_4_73-crop_jpeg.jpg,,
v1-ocr-cold,P,9,409,2,409:2:74,31.581459,rejected,blurry,"{""x"": 645, ""y"": 408, ""w"": 936, ""h"": 1752}",12.266,,,[],453.68,,,,evidence/v1-ocr-cold/409_2_74-crop_jpeg.jpg,,
v1-ocr-cold,W,9,409,6,409:6:75,31.581459,rejected,blurry,"{""x"": 446, ""y"": 238, ""w"": 867, ""h"": 1331}",5.64,,,[],461.35,,,,evidence/v1-ocr-cold/409_6_75-crop_jpeg.jpg,,
v1-ocr-cold,A,9,410,4,410:4:76,32.211962,rejected,blurry,"{""x"": 2667, ""y"": 475, ""w"": 787, ""h"": 1634}",13.723,,,[],393.43,,,,evidence/v1-ocr-cold/410_4_76-crop_jpeg.jpg,,
v1-ocr-cold,P,9,410,2,410:2:77,32.211962,rejected,blurry,"{""x"": 655, ""y"": 419, ""w"": 931, ""h"": 1741}",12.319,,,[],401.84,,,,evidence/v1-ocr-cold/410_2_77-crop_jpeg.jpg,,
v1-ocr-cold,W,9,410,6,410:6:78,32.211962,rejected,blurry,"{""x"": 455, ""y"": 245, ""w"": 855, ""h"": 1307}",5.447,,,[],409.21,,,,evidence/v1-ocr-cold/410_6_78-crop_jpeg.jpg,,
v1-ocr-cold,A,9,411,4,411:4:79,32.791704,rejected,blurry,"{""x"": 2665, ""y"": 462, ""w"": 793, ""h"": 1646}",11.932,,,[],437.68,,,,evidence/v1-ocr-cold/411_4_79-crop_jpeg.jpg,,
v1-ocr-cold,P,9,411,2,411:2:80,32.791704,rejected,blurry,"{""x"": 647, ""y"": 412, ""w"": 937, ""h"": 1748}",11.093,,,[],445.87,,,,evidence/v1-ocr-cold/411_2_80-crop_jpeg.jpg,,
v1-ocr-cold,W,9,411,6,411:6:81,32.791704,rejected,blurry,"{""x"": 425, ""y"": 228, ""w"": 896, ""h"": 1375}",5.722,,,[],454.26,,,,evidence/v1-ocr-cold/411_6_81-crop_jpeg.jpg,,
v1-ocr-cold,A,9,412,4,412:4:82,33.376218,rejected,blurry,"{""x"": 2675, ""y"": 456, ""w"": 792, ""h"": 1651}",11.845,,,[],440.3,,,,evidence/v1-ocr-cold/412_4_82-crop_jpeg.jpg,,
v1-ocr-cold,P,9,412,2,412:2:83,33.376218,rejected,blurry,"{""x"": 650, ""y"": 416, ""w"": 936, ""h"": 1744}",11.246,,,[],447.95,,,,evidence/v1-ocr-cold/412_2_83-crop_jpeg.jpg,,
v1-ocr-cold,W,9,412,6,412:6:84,33.376218,rejected,blurry,"{""x"": 316, ""y"": 194, ""w"": 1125, ""h"": 1780}",9.295,,,[],460.03,,,,evidence/v1-ocr-cold/412_6_84-crop_jpeg.jpg,,
v1-ocr-cold,A,9,413,4,413:4:85,34.010138,rejected,blurry,"{""x"": 2645, ""y"": 443, ""w"": 799, ""h"": 1667}",9.217,,,[],408.37,,,,evidence/v1-ocr-cold/413_4_85-crop_jpeg.jpg,,
v1-ocr-cold,P,9,413,2,413:2:86,34.010138,rejected,blurry,"{""x"": 716, ""y"": 371, ""w"": 949, ""h"": 1789}",6.107,,,[],420.18,,,,evidence/v1-ocr-cold/413_2_86-crop_jpeg.jpg,,
v1-ocr-cold,A,9,414,4,414:4:87,34.644423,rejected,blurry,"{""x"": 2548, ""y"": 394, ""w"": 826, ""h"": 1730}",11.048,,,[],379.48,,,,evidence/v1-ocr-cold/414_4_87-crop_jpeg.jpg,,
v1-ocr-cold,P,9,414,2,414:2:88,34.644423,rejected,blurry,"{""x"": 984, ""y"": 49, ""w"": 892, ""h"": 1836}",6.958,,,[],388.61,,,,evidence/v1-ocr-cold/414_2_88-crop_jpeg.jpg,,
v1-ocr-cold,A,9,415,4,415:4:89,35.242041,rejected,blurry,"{""x"": 2568, ""y"": 368, ""w"": 819, ""h"": 1717}",11.561,,,[],380.25,,,,evidence/v1-ocr-cold/415_4_89-crop_jpeg.jpg,,
v1-ocr-cold,P,9,415,2,415:2:90,35.242041,rejected,blurry,"{""x"": 1190, ""y"": 0, ""w"": 836, ""h"": 1667}",7.329,,,[],388.25,,,,evidence/v1-ocr-cold/415_2_90-crop_jpeg.jpg,,
v1-ocr-cold,W,9,415,6,415:6:91,35.242041,rejected,blurry,"{""x"": 234, ""y"": 236, ""w"": 839, ""h"": 1335}",5.398,,,[],394.32,,,,evidence/v1-ocr-cold/415_6_91-crop_jpeg.jpg,,
v1-ocr-cold,A,9,416,4,416:4:92,35.812926,rejected,blurry,"{""x"": 2732, ""y"": 460, ""w"": 782, ""h"": 1632}",14.256,,,[],378.64,,,,evidence/v1-ocr-cold/416_4_92-crop_jpeg.jpg,,
v1-ocr-cold,P,9,416,2,416:2:93,35.812926,rejected,blurry,"{""x"": 1416, ""y"": 0, ""w"": 829, ""h"": 1637}",8.2,,,[],387.33,,,,evidence/v1-ocr-cold/416_2_93-crop_jpeg.jpg,,
v1-ocr-cold,W,9,416,6,416:6:94,35.812926,rejected,blurry,"{""x"": 418, ""y"": 303, ""w"": 752, ""h"": 1212}",5.383,,,[],392.74,,,,evidence/v1-ocr-cold/416_6_94-crop_jpeg.jpg,,
v1-ocr-cold,A,9,417,4,417:4:95,36.38147,rejected,blurry,"{""x"": 2825, ""y"": 523, ""w"": 781, ""h"": 1621}",13.159,,,[],376.78,,,,evidence/v1-ocr-cold/417_4_95-crop_jpeg.jpg,,
v1-ocr-cold,P,9,417,2,417:2:96,36.38147,rejected,blurry,"{""x"": 1526, ""y"": 0, ""w"": 826, ""h"": 1654}",8.563,,,[],383.31,,,,evidence/v1-ocr-cold/417_2_96-crop_jpeg.jpg,,
v1-ocr-cold,W,9,417,6,417:6:97,36.38147,rejected,blurry,"{""x"": 497, ""y"": 330, ""w"": 723, ""h"": 1184}",5.796,,,[],390.65,,,,evidence/v1-ocr-cold/417_6_97-crop_jpeg.jpg,,
v1-ocr-cold,A,9,418,4,418:4:98,36.938447,rejected,blurry,"{""x"": 2809, ""y"": 611, ""w"": 780, ""h"": 1549}",9.33,,,[],446.88,,,,evidence/v1-ocr-cold/418_4_98-crop_jpeg.jpg,,
v1-ocr-cold,P,9,418,2,418:2:99,36.938447,rejected,blurry,"{""x"": 1551, ""y"": 0, ""w"": 811, ""h"": 1709}",6.931,,,[],453.83,,,,evidence/v1-ocr-cold/418_2_99-crop_jpeg.jpg,,
v1-ocr-cold,W,9,418,6,418:6:100,36.938447,rejected,blurry,"{""x"": 510, ""y"": 383, ""w"": 703, ""h"": 1171}",4.93,,,[],459.49,,,,evidence/v1-ocr-cold/418_6_100-crop_jpeg.jpg,,
v1-ocr-cold,A,9,419,4,419:4:101,37.539617,rejected,blurry,"{""x"": 2841, ""y"": 666, ""w"": 778, ""h"": 1494}",13.968,,,[],393.62,,,,evidence/v1-ocr-cold/419_4_101-crop_jpeg.jpg,,
v1-ocr-cold,P,9,419,2,419:2:102,37.539617,rejected,blurry,"{""x"": 1602, ""y"": 0, ""w"": 794, ""h"": 1730}",9.452,,,[],399.71,,,,evidence/v1-ocr-cold/419_2_102-crop_jpeg.jpg,,
v1-ocr-cold,D,9,419,6,419:6:103,37.539617,rejected,blurry,"{""x"": 449, ""y"": 341, ""w"": 1029, ""h"": 1723}",9.954,,,[],412.18,,,,evidence/v1-ocr-cold/419_6_103-crop_jpeg.jpg,,
v1-ocr-cold,A,9,420,4,420:4:104,38.140861,rejected,unknown_request,"{""x"": 2848, ""y"": 647, ""w"": 779, ""h"": 1513}",12.541,,,[],,,,,evidence/v1-ocr-cold/420_4_104-crop_jpeg.jpg,,
v1-ocr-cold,P,9,420,2,420:2:105,38.140861,accepted,accepted,"{""x"": 1606, ""y"": 0, ""w"": 790, ""h"": 1704}",15.451,done,"in | МОЛОКО | 2,5%","[0.26576894521713257, 0.8915605545043945, 0.9659038186073303]",430.58,5.836202999944362,804.9184989999958,2789.711321189,evidence/v1-ocr-cold/420_2_105-crop_jpeg.jpg,"{""source_request_ids"": [""420:2:105""], ""lines"": [{""text"": ""2,5%"", ""score"": 0.9659038186073303}, {""text"": ""in"", ""score"": 0.26576894521713257}, {""text"": ""МОЛОКО"", ""score"": 0.8915605545043945}], ""result"": {""status"": ""needs_more_evidence"", ""choice"": null, ""confidence"": null, ""probabilities"": null}, ""duration_ms"": 928.0063100000007, ""source_ids_dropped"": 0, ""error"": false}",2790.522075891
v1-ocr-cold,D,9,420,6,420:6:106,38.140861,rejected,blurry,"{""x"": 438, ""y"": 275, ""w"": 1151, ""h"": 1885}",10.804,,,[],443.57,,,,evidence/v1-ocr-cold/420_6_106-crop_jpeg.jpg,,
v1-ocr-cold,A,9,421,4,421:4:107,38.770228,accepted,accepted,"{""x"": 2833, ""y"": 638, ""w"": 782, ""h"": 1522}",16.135,done,2992 | AKBA | КAЯ,"[0.3386506140232086, 0.9643429517745972, 0.5493099093437195]",620.27,5.422647000159486,687.1767229999932,2790.595135116,evidence/v1-ocr-cold/421_4_107-crop_jpeg.jpg,"{""source_request_ids"": [""421:4:107""], ""lines"": [{""text"": ""2992"", ""score"": 0.3386506140232086}, {""text"": ""AKBA"", ""score"": 0.9643429517745972}, {""text"": ""КAЯ"", ""score"": 0.5493099093437195}], ""result"": {""status"": ""candidate"", ""choice"": ""aqua-minerale-0-5l"", ""confidence"": 0.8, ""probabilities"": {""stantsiya-molochnaya-kefir-1-0-430g"": 0, ""saint-spring-0-75l"": 0, ""aqua-minerale-0-5l"": 0.83, ""senezhskaya-0-5l"": 0.02, ""prostokvashino-2-5-930ml"": 0, ""dobryi-cola-no-sugar-0-5l"": 0, ""insufficient_evidence"": 0.13, ""domik-v-derevne-2-5-930ml"": 0, ""other_product"": 0.02}}, ""duration_ms"": 817.4314740003865, ""source_ids_dropped"": 0, ""error"": false}",2791.2877344860003
v1-ocr-cold,D,9,421,6,421:6:108,38.770228,rejected,unknown_request,"{""x"": 440, ""y"": 282, ""w"": 1172, ""h"": 1878}",19.071,,,[],,,,,evidence/v1-ocr-cold/421_6_108-crop_jpeg.jpg,,
v1-ocr-cold,D,9,422,6,422:6:109,39.419704,accepted,accepted,"{""x"": 439, ""y"": 269, ""w"": 1177, ""h"": 1891}",20.769,done,СВЯТОЙ | 1 | OMUK | Вдеревне | — | ФЕПМ | •УЗНАТЬ | БОЛЬШЕ,"[0.6732304692268372, 0.5875979661941528, 0.5617832541465759, 0.5467591881752014, 0.7625570297241211, 0.6664794087409973, 0.8755427598953247, 0.9581322073936462]",435.66,10.534038000059809,1688.6158029997205,2791.369410944,evidence/v1-ocr-cold/422_6_109-crop_jpeg.jpg,"{""source_request_ids"": [""422:6:109"", ""434:6:118""], ""lines"": [{""text"": ""MOΛOK"", ""score"": 0.5864604711532593}, {""text"": ""OMUK"", ""score"": 0.5617832541465759}, {""text"": ""TOU"", ""score"": 0.641355574131012}, {""text"": ""uc"", ""score"": 0.5457426905632019}, {""text"": ""БОЛЬШЕ"", ""score"": 0.9581322073936462}, {""text"": ""Вдеревне"", ""score"": 0.5467591881752014}, {""text"": ""СВЯТОЙ"", ""score"": 0.6732304692268372}, {""text"": ""ФЕПМ"", ""score"": 0.6664794087409973}, {""text"": ""ФЕРМ"", ""score"": 0.740921139717102}, {""text"": ""•УЗНАТЬ"", ""score"": 0.8755427598953247}], ""result"": {""status"": ""candidate"", ""choice"": ""domik-v-derevne-2-5-930ml"", ""confidence"": 0.77, ""probabilities"": {""other_product"": 0.04, ""senezhskaya-0-5l"": 0, ""prostokvashino-2-5-930ml"": 0, ""aqua-minerale-0-5l"": 0, ""stantsiya-molochnaya-kefir-1-0-430g"": 0, ""insufficient_evidence"": 0.11, ""saint-spring-0-75l"": 0.04, ""dobryi-cola-no-sugar-0-5l"": 0, ""domik-v-derevne-2-5-930ml"": 0.81}}, ""duration_ms"": 791.1489339999207, ""source_ids_dropped"": 0, ""error"": false}",2793.0685607849996
v1-ocr-cold,P,9,424,2,424:2:110,41.080264,accepted,accepted,"{""x"": 1613, ""y"": 0, ""w"": 767, ""h"": 1689}",17.978,duplicate,,[],433.85,,,2792.886984925,evidence/v1-ocr-cold/424_2_110-crop_jpeg.jpg,,
v1-ocr-cold,D,9,424,6,424:6:111,41.080264,rejected,throttled,"{""x"": 462, ""y"": 294, ""w"": 1140, ""h"": 1866}",21.94,,,[],768.26,,,2793.235781639,evidence/v1-ocr-cold/424_6_111-crop_jpeg.jpg,,
v1-ocr-cold,D,9,426,6,426:6:112,42.654571,accepted,accepted,"{""x"": 474, ""y"": 281, ""w"": 1125, ""h"": 1879}",23.995,duplicate,,[],378.06,,,2794.187992611,evidence/v1-ocr-cold/426_6_112-crop_jpeg.jpg,,
v1-ocr-cold,P,9,429,2,429:2:113,44.354681,accepted,accepted,"{""x"": 1621, ""y"": 0, ""w"": 749, ""h"": 1688}",19.393,done," | МОЛОКО | 2,5%","[0, 0.9095529913902283, 0.9780454635620117]",378.27,4.344508000031055,663.0166899999494,2795.818721964,evidence/v1-ocr-cold/429_2_113-crop_jpeg.jpg,,2796.486083162
v1-ocr-cold,D,9,431,6,431:6:114,45.633215,rejected,blurry,"{""x"": 566, ""y"": 46, ""w"": 1061, ""h"": 2034}",11.538,,,[],391.2,,,,evidence/v1-ocr-cold/431_6_114-crop_jpeg.jpg,,
v1-ocr-cold,D,9,432,6,432:6:115,46.326312,rejected,blurry,"{""x"": 636, ""y"": 0, ""w"": 1013, ""h"": 1956}",11.387,,,[],431.53,,,,evidence/v1-ocr-cold/432_6_115-crop_jpeg.jpg,,
v1-ocr-cold,P,9,433,2,433:2:116,46.93307,accepted,accepted,"{""x"": 1445, ""y"": 0, ""w"": 679, ""h"": 1508}",19.573,done," | МОЛОКО | 2,5%","[0, 0.8490881323814392, 0.9737551808357239]",384.41,4.575527999804763,712.923008999951,2798.445974474,evidence/v1-ocr-cold/433_2_116-crop_jpeg.jpg,,2799.163473011
v1-ocr-cold,D,9,433,6,433:6:117,46.93307,rejected,blurry,"{""x"": 601, ""y"": 51, ""w"": 943, ""h"": 1857}",14.045,,,[],399.67,,,,evidence/v1-ocr-cold/433_6_117-crop_jpeg.jpg,,
v1-ocr-cold,D,9,434,6,434:6:118,47.506927,accepted,accepted,"{""x"": 577, ""y"": 99, ""w"": 902, ""h"": 1789}",23.446,done,uc | TOU | MOΛOK | ФЕРМ,"[0.5457426905632019, 0.641355574131012, 0.5864604711532593, 0.740921139717102]",38.42,344.8898049996387,1299.743047999982,2798.822998961,evidence/v1-ocr-cold/434_6_118-crop_jpeg.jpg,"{""source_request_ids"": [""422:6:109"", ""434:6:118""], ""lines"": [{""text"": ""MOΛOK"", ""score"": 0.5864604711532593}, {""text"": ""OMUK"", ""score"": 0.5617832541465759}, {""text"": ""TOU"", ""score"": 0.641355574131012}, {""text"": ""uc"", ""score"": 0.5457426905632019}, {""text"": ""БОЛЬШЕ"", ""score"": 0.9581322073936462}, {""text"": ""Вдеревне"", ""score"": 0.5467591881752014}, {""text"": ""СВЯТОЙ"", ""score"": 0.6732304692268372}, {""text"": ""ФЕПМ"", ""score"": 0.6664794087409973}, {""text"": ""ФЕРМ"", ""score"": 0.740921139717102}, {""text"": ""•УЗНАТЬ"", ""score"": 0.8755427598953247}], ""result"": {""status"": ""candidate"", ""choice"": ""domik-v-derevne-2-5-930ml"", ""confidence"": 0.77, ""probabilities"": {""other_product"": 0.04, ""senezhskaya-0-5l"": 0, ""prostokvashino-2-5-930ml"": 0, ""aqua-minerale-0-5l"": 0, ""stantsiya-molochnaya-kefir-1-0-430g"": 0, ""insufficient_evidence"": 0.11, ""saint-spring-0-75l"": 0.04, ""dobryi-cola-no-sugar-0-5l"": 0, ""domik-v-derevne-2-5-930ml"": 0.81}}, ""duration_ms"": 791.1489339999207, ""source_ids_dropped"": 0, ""error"": false}",2800.4676318139996
v1-warm,A,15,473,2,473:2:168,1.66636,rejected,blurry,"{""x"": 1366, ""y"": 131, ""w"": 764, ""h"": 1748}",13.437,,,[],379.67,,,,evidence/v1-warm/473_2_168-crop_jpeg.jpg,,
v1-warm,A,15,474,2,474:2:169,2.21351,rejected,blurry,"{""x"": 1374, ""y"": 102, ""w"": 744, ""h"": 1706}",12.465,,,[],383.89,,,,evidence/v1-warm/474_2_169-crop_jpeg.jpg,,
v1-warm,A,15,475,2,475:2:170,2.772629,rejected,blurry,"{""x"": 1333, ""y"": 76, ""w"": 750, ""h"": 1724}",14.137,,,[],373.04,,,,evidence/v1-warm/475_2_170-crop_jpeg.jpg,,
v1-warm,A,15,476,2,476:2:171,3.334135,rejected,unknown_request,"{""x"": 1317, ""y"": 88, ""w"": 745, ""h"": 1719}",15.009,,,[],,,,,evidence/v1-warm/476_2_171-crop_jpeg.jpg,,
v1-warm,A,15,477,2,477:2:172,3.873944,rejected,blurry,"{""x"": 1314, ""y"": 111, ""w"": 736, ""h"": 1702}",14.985,,,[],368.79,,,,evidence/v1-warm/477_2_172-crop_jpeg.jpg,,
v1-warm,A,15,478,2,478:2:173,4.412035,accepted,accepted,"{""x"": 1315, ""y"": 118, ""w"": 728, ""h"": 1691}",15.226,done,AKBA,[0.98138028383255],376.52,5.672645999766246,796.0373450000588,2894.413875614,evidence/v1-warm/478_2_173-crop_jpeg.jpg,"{""source_request_ids"": [""478:2:173""], ""lines"": [{""text"": ""AKBA"", ""score"": 0.98138028383255}], ""result"": {""status"": ""candidate"", ""choice"": ""aqua-minerale-0-5l"", ""confidence"": 0.79, ""probabilities"": {""dobryi-cola-no-sugar-0-5l"": 0, ""saint-spring-0-75l"": 0, ""domik-v-derevne-2-5-930ml"": 0, ""prostokvashino-2-5-930ml"": 0, ""insufficient_evidence"": 0.17, ""other_product"": 0.01, ""aqua-minerale-0-5l"": 0.81, ""senezhskaya-0-5l"": 0, ""stantsiya-molochnaya-kefir-1-0-430g"": 0}}, ""duration_ms"": 838.589544000115, ""source_ids_dropped"": 0, ""error"": false}",2895.215585605
v1-warm,A,15,482,3,482:3:174,6.954725,rejected,unknown_request,"{""x"": 2543, ""y"": 164, ""w"": 954, ""h"": 1808}",4.356,,,[],,,,,evidence/v1-warm/482_3_174-crop_jpeg.jpg,,
v1-warm,A,15,483,3,483:3:175,7.486562,rejected,blurry,"{""x"": 2723, ""y"": 147, ""w"": 933, ""h"": 1764}",7.528,,,[],410.57,,,,evidence/v1-warm/483_3_175-crop_jpeg.jpg,,
v1-warm,A,15,484,3,484:3:176,8.023576,rejected,blurry,"{""x"": 2728, ""y"": 139, ""w"": 935, ""h"": 1762}",10.211,,,[],374.68,,,,evidence/v1-warm/484_3_176-crop_jpeg.jpg,,
v1-warm,A,15,485,3,485:3:177,8.61889,rejected,blurry,"{""x"": 2681, ""y"": 171, ""w"": 935, ""h"": 1756}",8.787,,,[],378.47,,,,evidence/v1-warm/485_3_177-crop_jpeg.jpg,,
v1-warm,A,15,486,3,486:3:178,9.164413,rejected,blurry,"{""x"": 2623, ""y"": 304, ""w"": 914, ""h"": 1712}",7.112,,,[],389.66,,,,evidence/v1-warm/486_3_178-crop_jpeg.jpg,,
v1-warm,A,15,487,3,487:3:179,9.721829,rejected,blurry,"{""x"": 2598, ""y"": 360, ""w"": 910, ""h"": 1700}",9.061,,,[],381.1,,,,evidence/v1-warm/487_3_179-crop_jpeg.jpg,,
v1-warm,S,15,487,2,487:2:180,9.721829,accepted,accepted,"{""x"": 968, ""y"": 331, ""w"": 743, ""h"": 1741}",18.789,done,СЕНЕЖСКAЯ | пЮТьЕВАН | НЕГАЗНРОВАННАЯ,"[0.6695891618728638, 0.448184609413147, 0.7675383687019348]",394.74,2.8084549999221053,760.2026600002318,2899.755016993,evidence/v1-warm/487_2_180-crop_jpeg.jpg,"{""source_request_ids"": [""487:2:180""], ""lines"": [{""text"": ""НЕГАЗНРОВАННАЯ"", ""score"": 0.7675383687019348}, {""text"": ""пЮТьЕВАН"", ""score"": 0.448184609413147}, {""text"": ""СЕНЕЖСКAЯ"", ""score"": 0.6695891618728638}], ""result"": {""status"": ""candidate"", ""choice"": ""senezhskaya-0-5l"", ""confidence"": 0.99, ""probabilities"": {""senezhskaya-0-5l"": 1, ""domik-v-derevne-2-5-930ml"": 0, ""saint-spring-0-75l"": 0, ""stantsiya-molochnaya-kefir-1-0-430g"": 0, ""aqua-minerale-0-5l"": 0, ""insufficient_evidence"": 0, ""dobryi-cola-no-sugar-0-5l"": 0, ""prostokvashino-2-5-930ml"": 0, ""other_product"": 0}}, ""duration_ms"": 913.0064259998107, ""source_ids_dropped"": 0, ""error"": false}",2900.518028108
v1-warm,A,15,488,3,488:3:181,10.2867,rejected,unknown_request,"{""x"": 2533, ""y"": 341, ""w"": 925, ""h"": 1722}",11.265,,,[],,,,,evidence/v1-warm/488_3_181-crop_jpeg.jpg,,
v1-warm,A,15,489,3,489:3:182,10.997606,rejected,blurry,"{""x"": 2521, ""y"": 338, ""w"": 927, ""h"": 1722}",12.199,,,[],381.28,,,,evidence/v1-warm/489_3_182-crop_jpeg.jpg,,
v1-warm,A,15,490,3,490:3:183,11.710256,rejected,blurry,"{""x"": 2526, ""y"": 351, ""w"": 930, ""h"": 1721}",13.947,,,[],370.62,,,,evidence/v1-warm/490_3_183-crop_jpeg.jpg,,
v1-warm,A,15,491,3,491:3:184,12.257826,rejected,blurry,"{""x"": 2530, ""y"": 356, ""w"": 934, ""h"": 1720}",12.703,,,[],388.91,,,,evidence/v1-warm/491_3_184-crop_jpeg.jpg,,
v1-warm,A,15,492,3,492:3:185,12.803063,rejected,blurry,"{""x"": 2534, ""y"": 368, ""w"": 932, ""h"": 1709}",12.268,,,[],377.6,,,,evidence/v1-warm/492_3_185-crop_jpeg.jpg,,
v1-warm,A,15,493,3,493:3:186,13.368973,rejected,blurry,"{""x"": 2545, ""y"": 379, ""w"": 933, ""h"": 1703}",11.919,,,[],390.43,,,,evidence/v1-warm/493_3_186-crop_jpeg.jpg,,
v1-warm,A,15,494,3,494:3:187,13.920984,rejected,blurry,"{""x"": 2543, ""y"": 379, ""w"": 937, ""h"": 1703}",11.679,,,[],407.73,,,,evidence/v1-warm/494_3_187-crop_jpeg.jpg,,
v1-warm,A,15,495,3,495:3:188,14.487625,rejected,blurry,"{""x"": 2538, ""y"": 385, ""w"": 941, ""h"": 1704}",11.46,,,[],372.59,,,,evidence/v1-warm/495_3_188-crop_jpeg.jpg,,
v1-warm,A,15,496,3,496:3:189,15.071746,rejected,blurry,"{""x"": 2527, ""y"": 412, ""w"": 935, ""h"": 1688}",10.559,,,[],404.35,,,,evidence/v1-warm/496_3_189-crop_jpeg.jpg,,
v1-warm,A,15,497,3,497:3:190,15.620953,rejected,blurry,"{""x"": 2516, ""y"": 416, ""w"": 916, ""h"": 1671}",6.554,,,[],382.84,,,,evidence/v1-warm/497_3_190-crop_jpeg.jpg,,
v1-warm,A,15,498,3,498:3:191,16.208852,rejected,blurry,"{""x"": 2541, ""y"": 395, ""w"": 907, ""h"": 1677}",5.834,,,[],373.97,,,,evidence/v1-warm/498_3_191-crop_jpeg.jpg,,
v1-warm,S,15,498,5,498:5:192,16.208852,rejected,blurry,"{""x"": 1958, ""y"": 855, ""w"": 883, ""h"": 1305}",10.304,,,[],382.31,,,,evidence/v1-warm/498_5_192-crop_jpeg.jpg,,
v1-warm,A,15,499,3,499:3:193,16.762276,rejected,blurry,"{""x"": 2656, ""y"": 361, ""w"": 915, ""h"": 1711}",13.745,,,[],403.87,,,,evidence/v1-warm/499_3_193-crop_jpeg.jpg,,
v1-warm,S,15,499,5,499:5:194,16.762276,accepted,accepted,"{""x"": 2064, ""y"": 806, ""w"": 916, ""h"": 1354}",19.708,done,СЕНЕЖСКAЯ | пнтосоля,"[0.6482658982276917, 0.27465906739234924]",410.68,3.1702109999969252,606.2250009999843,2906.816388022,evidence/v1-warm/499_5_194-crop_jpeg.jpg,"{""source_request_ids"": [""499:5:194""], ""lines"": [{""text"": ""пнтосоля"", ""score"": 0.27465906739234924}, {""text"": ""СЕНЕЖСКAЯ"", ""score"": 0.6482658982276917}], ""result"": {""status"": ""candidate"", ""choice"": ""senezhskaya-0-5l"", ""confidence"": 0.94, ""probabilities"": {""stantsiya-molochnaya-kefir-1-0-430g"": 0, ""saint-spring-0-75l"": 0, ""domik-v-derevne-2-5-930ml"": 0, ""dobryi-cola-no-sugar-0-5l"": 0, ""senezhskaya-0-5l"": 0.95, ""other_product"": 0.01, ""aqua-minerale-0-5l"": 0, ""prostokvashino-2-5-930ml"": 0.01, ""insufficient_evidence"": 0.03}}, ""duration_ms"": 912.0384739999281, ""source_ids_dropped"": 0, ""error"": false}",2907.425783234
v1-warm,A,15,500,3,500:3:195,17.33263,rejected,blurry,"{""x"": 2696, ""y"": 345, ""w"": 915, ""h"": 1733}",11.581,,,[],436.76,,,,evidence/v1-warm/500_3_195-crop_jpeg.jpg,,
v1-warm,A,15,501,3,501:3:196,17.966574,rejected,unknown_request,"{""x"": 2698, ""y"": 372, ""w"": 894, ""h"": 1713}",9.175,,,[],,,,,evidence/v1-warm/501_3_196-crop_jpeg.jpg,,
v1-warm,A,15,502,3,502:3:197,18.640957,rejected,blurry,"{""x"": 2693, ""y"": 435, ""w"": 870, ""h"": 1683}",11.028,,,[],388.94,,,,evidence/v1-warm/502_3_197-crop_jpeg.jpg,,
v1-warm,W,15,502,2,502:2:198,18.640957,rejected,blurry,"{""x"": 827, ""y"": 424, ""w"": 821, ""h"": 1736}",8.109,,,[],395.78,,,,evidence/v1-warm/502_2_198-crop_jpeg.jpg,,
v1-warm,A,15,503,3,503:3:199,19.189062,rejected,blurry,"{""x"": 2684, ""y"": 438, ""w"": 862, ""h"": 1679}",14.085,,,[],374.01,,,,evidence/v1-warm/503_3_199-crop_jpeg.jpg,,
v1-warm,W,15,503,2,503:2:200,19.189062,rejected,blurry,"{""x"": 746, ""y"": 337, ""w"": 790, ""h"": 1762}",12.737,,,[],382.27,,,,evidence/v1-warm/503_2_200-crop_jpeg.jpg,,
v1-warm,A,15,504,3,504:3:201,19.755753,rejected,blurry,"{""x"": 2682, ""y"": 437, ""w"": 857, ""h"": 1682}",13.714,,,[],404.33,,,,evidence/v1-warm/504_3_201-crop_jpeg.jpg,,
v1-warm,W,15,504,2,504:2:202,19.755753,rejected,blurry,"{""x"": 724, ""y"": 302, ""w"": 785, ""h"": 1731}",12.545,,,[],413.53,,,,evidence/v1-warm/504_2_202-crop_jpeg.jpg,,
v1-warm,A,15,505,3,505:3:203,20.310568,rejected,blurry,"{""x"": 2685, ""y"": 436, ""w"": 849, ""h"": 1679}",12.388,,,[],379.26,,,,evidence/v1-warm/505_3_203-crop_jpeg.jpg,,
v1-warm,W,15,505,2,505:2:204,20.310568,rejected,blurry,"{""x"": 710, ""y"": 310, ""w"": 768, ""h"": 1678}",11.594,,,[],388.1,,,,evidence/v1-warm/505_2_204-crop_jpeg.jpg,,
v1-warm,A,15,506,3,506:3:205,20.901858,rejected,blurry,"{""x"": 2686, ""y"": 441, ""w"": 842, ""h"": 1676}",13.029,,,[],425.63,,,,evidence/v1-warm/506_3_205-crop_jpeg.jpg,,
v1-warm,W,15,506,2,506:2:206,20.901858,rejected,blurry,"{""x"": 707, ""y"": 300, ""w"": 768, ""h"": 1665}",11.221,,,[],432.71,,,,evidence/v1-warm/506_2_206-crop_jpeg.jpg,,
v1-warm,A,15,507,3,507:3:207,21.467209,rejected,blurry,"{""x"": 2688, ""y"": 423, ""w"": 840, ""h"": 1682}",11.336,,,[],385.85,,,,evidence/v1-warm/507_3_207-crop_jpeg.jpg,,
v1-warm,W,15,507,2,507:2:208,21.467209,rejected,blurry,"{""x"": 704, ""y"": 269, ""w"": 766, ""h"": 1650}",10.877,,,[],393.9,,,,evidence/v1-warm/507_2_208-crop_jpeg.jpg,,
v1-warm,A,15,508,3,508:3:209,22.080426,rejected,blurry,"{""x"": 2693, ""y"": 403, ""w"": 840, ""h"": 1695}",11.37,,,[],369.19,,,,evidence/v1-warm/508_3_209-crop_jpeg.jpg,,
v1-warm,W,15,508,2,508:2:210,22.080426,rejected,blurry,"{""x"": 669, ""y"": 283, ""w"": 759, ""h"": 1629}",10.268,,,[],402.1,,,,evidence/v1-warm/508_2_210-crop_jpeg.jpg,,
v1-warm,A,15,509,3,509:3:211,22.647697,rejected,blurry,"{""x"": 2589, ""y"": 297, ""w"": 890, ""h"": 1809}",7.919,,,[],380.33,,,,evidence/v1-warm/509_3_211-crop_jpeg.jpg,,
v1-warm,A,15,510,3,510:3:212,23.230173,rejected,blurry,"{""x"": 2591, ""y"": 196, ""w"": 908, ""h"": 1854}",10.134,,,[],381.48,,,,evidence/v1-warm/510_3_212-crop_jpeg.jpg,,
v1-warm,W,15,510,6,510:6:213,23.230173,rejected,blurry,"{""x"": 104, ""y"": 24, ""w"": 490, ""h"": 1381}",6.984,,,[],388.94,,,,evidence/v1-warm/510_6_213-crop_jpeg.jpg,,
v1-warm,A,15,511,3,511:3:214,23.786536,rejected,blurry,"{""x"": 2582, ""y"": 171, ""w"": 899, ""h"": 1846}",8.811,,,[],381.51,,,,evidence/v1-warm/511_3_214-crop_jpeg.jpg,,
v1-warm,W,15,511,6,511:6:215,23.786536,rejected,blurry,"{""x"": 144, ""y"": 77, ""w"": 476, ""h"": 1325}",5.844,,,[],389.03,,,,evidence/v1-warm/511_6_215-crop_jpeg.jpg,,
v1-warm,A,15,512,3,512:3:216,24.3452,rejected,blurry,"{""x"": 2567, ""y"": 153, ""w"": 880, ""h"": 1816}",9.323,,,[],369.43,,,,evidence/v1-warm/512_3_216-crop_jpeg.jpg,,
v1-warm,W,15,512,6,512:6:217,24.3452,rejected,blurry,"{""x"": 217, ""y"": 115, ""w"": 467, ""h"": 1269}",6.676,,,[],376.34,,,,evidence/v1-warm/512_6_217-crop_jpeg.jpg,,
v1-warm,A,15,513,3,513:3:218,24.901299,rejected,blurry,"{""x"": 2582, ""y"": 149, ""w"": 864, ""h"": 1788}",7.169,,,[],421.66,,,,evidence/v1-warm/513_3_218-crop_jpeg.jpg,,
v1-warm,W,15,513,6,513:6:219,24.901299,rejected,blurry,"{""x"": 298, ""y"": 93, ""w"": 475, ""h"": 1262}",5.853,,,[],428.25,,,,evidence/v1-warm/513_6_219-crop_jpeg.jpg,,
v1-warm,A,15,514,3,514:3:220,25.475401,rejected,blurry,"{""x"": 2687, ""y"": 192, ""w"": 844, ""h"": 1752}",11.516,,,[],385.34,,,,evidence/v1-warm/514_3_220-crop_jpeg.jpg,,
v1-warm,W,15,514,6,514:6:221,25.475401,rejected,blurry,"{""x"": 417, ""y"": 113, ""w"": 484, ""h"": 1254}",7.399,,,[],391.53,,,,evidence/v1-warm/514_6_221-crop_jpeg.jpg,,
v1-warm,A,15,515,3,515:3:222,26.039531,rejected,blurry,"{""x"": 2707, ""y"": 260, ""w"": 832, ""h"": 1732}",10.007,,,[],445.32,,,,evidence/v1-warm/515_3_222-crop_jpeg.jpg,,
v1-warm,W,15,515,6,515:6:223,26.039531,rejected,blurry,"{""x"": 491, ""y"": 151, ""w"": 503, ""h"": 1250}",6.895,,,[],454.79,,,,evidence/v1-warm/515_6_223-crop_jpeg.jpg,,
v1-warm,A,15,516,3,516:3:224,26.601684,rejected,blurry,"{""x"": 2692, ""y"": 333, ""w"": 821, ""h"": 1708}",10.068,,,[],382.35,,,,evidence/v1-warm/516_3_224-crop_jpeg.jpg,,
v1-warm,W,15,516,6,516:6:225,26.601684,rejected,blurry,"{""x"": 452, ""y"": 202, ""w"": 509, ""h"": 1234}",7.436,,,[],388.61,,,,evidence/v1-warm/516_6_225-crop_jpeg.jpg,,
v1-warm,A,15,517,3,517:3:226,27.229109,rejected,blurry,"{""x"": 2657, ""y"": 368, ""w"": 814, ""h"": 1696}",12.212,,,[],409.73,,,,evidence/v1-warm/517_3_226-crop_jpeg.jpg,,
v1-warm,A,15,518,3,518:3:227,27.782793,rejected,blurry,"{""x"": 2630, ""y"": 399, ""w"": 806, ""h"": 1681}",13.608,,,[],404.01,,,,evidence/v1-warm/518_3_227-crop_jpeg.jpg,,
v1-warm,P,15,518,2,518:2:228,27.782793,rejected,blurry,"{""x"": 627, ""y"": 372, ""w"": 901, ""h"": 1788}",11.801,,,[],421.21,,,,evidence/v1-warm/518_2_228-crop_jpeg.jpg,,
v1-warm,A,15,519,3,519:3:229,28.368333,rejected,blurry,"{""x"": 2621, ""y"": 430, ""w"": 799, ""h"": 1660}",13.212,,,[],393.58,,,,evidence/v1-warm/519_3_229-crop_jpeg.jpg,,
v1-warm,P,15,519,2,519:2:230,28.368333,rejected,blurry,"{""x"": 615, ""y"": 364, ""w"": 920, ""h"": 1796}",11.916,,,[],403.59,,,,evidence/v1-warm/519_2_230-crop_jpeg.jpg,,
v1-warm,A,15,520,3,520:3:231,28.972686,rejected,unknown_request,"{""x"": 2629, ""y"": 448, ""w"": 793, ""h"": 1647}",12.795,,,[],,,,,evidence/v1-warm/520_3_231-crop_jpeg.jpg,,
v1-warm,P,15,520,2,520:2:232,28.972686,rejected,blurry,"{""x"": 617, ""y"": 338, ""w"": 941, ""h"": 1822}",11.834,,,[],433.74,,,,evidence/v1-warm/520_2_232-crop_jpeg.jpg,,
v1-warm,A,15,521,3,521:3:233,29.574025,rejected,blurry,"{""x"": 2633, ""y"": 467, ""w"": 789, ""h"": 1638}",11.724,,,[],386.86,,,,evidence/v1-warm/521_3_233-crop_jpeg.jpg,,
v1-warm,P,15,521,2,521:2:234,29.574025,rejected,blurry,"{""x"": 616, ""y"": 295, ""w"": 962, ""h"": 1865}",10.926,,,[],398,,,,evidence/v1-warm/521_2_234-crop_jpeg.jpg,,
v1-warm,W,15,521,6,521:6:235,29.574025,rejected,blurry,"{""x"": 561, ""y"": 241, ""w"": 568, ""h"": 1292}",5.96,,,[],405.59,,,,evidence/v1-warm/521_6_235-crop_jpeg.jpg,,
v1-warm,A,15,522,3,522:3:236,30.153454,rejected,blurry,"{""x"": 2644, ""y"": 469, ""w"": 788, ""h"": 1636}",11.731,,,[],429.87,,,,evidence/v1-warm/522_3_236-crop_jpeg.jpg,,
v1-warm,P,15,522,2,522:2:237,30.153454,rejected,blurry,"{""x"": 626, ""y"": 329, ""w"": 946, ""h"": 1831}",10.613,,,[],440.34,,,,evidence/v1-warm/522_2_237-crop_jpeg.jpg,,
v1-warm,W,15,522,6,522:6:238,30.153454,rejected,blurry,"{""x"": 553, ""y"": 230, ""w"": 631, ""h"": 1375}",5.819,,,[],451.47,,,,evidence/v1-warm/522_6_238-crop_jpeg.jpg,,
v1-warm,A,15,523,3,523:3:239,30.740112,rejected,blurry,"{""x"": 2656, ""y"": 469, ""w"": 786, ""h"": 1632}",14.032,,,[],402.63,,,,evidence/v1-warm/523_3_239-crop_jpeg.jpg,,
v1-warm,P,15,523,2,523:2:240,30.740112,rejected,blurry,"{""x"": 625, ""y"": 319, ""w"": 951, ""h"": 1841}",12.835,,,[],415.08,,,,evidence/v1-warm/523_2_240-crop_jpeg.jpg,,
v1-warm,W,15,523,6,523:6:241,30.740112,rejected,blurry,"{""x"": 620, ""y"": 229, ""w"": 610, ""h"": 1309}",6.477,,,[],422.33,,,,evidence/v1-warm/523_6_241-crop_jpeg.jpg,,
v1-warm,A,15,524,3,524:3:242,31.363603,rejected,blurry,"{""x"": 2658, ""y"": 470, ""w"": 790, ""h"": 1641}",13.782,,,[],380.12,,,,evidence/v1-warm/524_3_242-crop_jpeg.jpg,,
v1-warm,P,15,524,2,524:2:243,31.363603,rejected,blurry,"{""x"": 635, ""y"": 337, ""w"": 943, ""h"": 1823}",11.992,,,[],392.77,,,,evidence/v1-warm/524_2_243-crop_jpeg.jpg,,
v1-warm,W,15,524,6,524:6:244,31.363603,rejected,blurry,"{""x"": 656, ""y"": 232, ""w"": 603, ""h"": 1285}",6.038,,,[],399.78,,,,evidence/v1-warm/524_6_244-crop_jpeg.jpg,,
v1-warm,A,15,525,3,525:3:245,31.950823,accepted,accepted,"{""x"": 2665, ""y"": 478, ""w"": 786, ""h"": 1634}",15.455,done,AKBA | CAA,"[0.9821045994758606, 0.5056195855140686]",376.71,2.8845050001109485,738.6257169996497,2921.968220832,evidence/v1-warm/525_3_245-crop_jpeg.jpg,"{""source_request_ids"": [""525:3:245""], ""lines"": [{""text"": ""AKBA"", ""score"": 0.9821045994758606}, {""text"": ""CAA"", ""score"": 0.5056195855140686}], ""result"": {""status"": ""candidate"", ""choice"": ""aqua-minerale-0-5l"", ""confidence"": 0.72, ""probabilities"": {""insufficient_evidence"": 0.21000000000000002, ""dobryi-cola-no-sugar-0-5l"": 0, ""prostokvashino-2-5-930ml"": 0, ""other_product"": 0.03, ""senezhskaya-0-5l"": 0, ""domik-v-derevne-2-5-930ml"": 0, ""saint-spring-0-75l"": 0, ""stantsiya-molochnaya-kefir-1-0-430g"": 0, ""aqua-minerale-0-5l"": 0.76}}, ""duration_ms"": 819.1937639999196, ""source_ids_dropped"": 0, ""error"": false}",2922.709731054
v1-warm,P,15,525,2,525:2:246,31.950823,rejected,blurry,"{""x"": 661, ""y"": 407, ""w"": 913, ""h"": 1753}",13.91,,,[],389.75,,,,evidence/v1-warm/525_2_246-crop_jpeg.jpg,,
v1-warm,W,15,525,6,525:6:247,31.950823,rejected,blurry,"{""x"": 628, ""y"": 249, ""w"": 603, ""h"": 1243}",7.084,,,[],397.61,,,,evidence/v1-warm/525_6_247-crop_jpeg.jpg,,
v1-warm,P,15,526,2,526:2:248,32.523572,rejected,blurry,"{""x"": 664, ""y"": 425, ""w"": 908, ""h"": 1735}",12.232,,,[],634.12,,,,evidence/v1-warm/526_2_248-crop_jpeg.jpg,,
v1-warm,W,15,526,6,526:6:249,32.523572,rejected,blurry,"{""x"": 561, ""y"": 231, ""w"": 680, ""h"": 1368}",5.92,,,[],645.54,,,,evidence/v1-warm/526_6_249-crop_jpeg.jpg,,
v1-warm,P,15,527,2,527:2:250,33.235865,rejected,blurry,"{""x"": 658, ""y"": 415, ""w"": 918, ""h"": 1745}",11.643,,,[],388.22,,,,evidence/v1-warm/527_2_250-crop_jpeg.jpg,,
v1-warm,W,15,527,6,527:6:251,33.235865,rejected,blurry,"{""x"": 506, ""y"": 211, ""w"": 749, ""h"": 1486}",7.752,,,[],395.3,,,,evidence/v1-warm/527_6_251-crop_jpeg.jpg,,
v1-warm,P,15,528,2,528:2:252,34.059327,rejected,unknown_request,"{""x"": 835, ""y"": 77, ""w"": 955, ""h"": 1998}",4.247,,,[],,,,,evidence/v1-warm/528_2_252-crop_jpeg.jpg,,
v1-warm,P,15,529,2,529:2:253,34.627676,rejected,blurry,"{""x"": 1034, ""y"": 0, ""w"": 881, ""h"": 1801}",7.052,,,[],377.5,,,,evidence/v1-warm/529_2_253-crop_jpeg.jpg,,
v1-warm,P,15,530,2,530:2:254,35.178536,rejected,blurry,"{""x"": 1198, ""y"": 0, ""w"": 821, ""h"": 1639}",7.208,,,[],384.52,,,,evidence/v1-warm/530_2_254-crop_jpeg.jpg,,
v1-warm,W,15,530,6,530:6:255,35.178536,rejected,blurry,"{""x"": 289, ""y"": 230, ""w"": 658, ""h"": 1278}",5.35,,,[],390.31,,,,evidence/v1-warm/530_6_255-crop_jpeg.jpg,,
v1-warm,P,15,531,2,531:2:256,35.729481,rejected,blurry,"{""x"": 1403, ""y"": 0, ""w"": 815, ""h"": 1635}",5.927,,,[],473.44,,,,evidence/v1-warm/531_2_256-crop_jpeg.jpg,,
v1-warm,W,15,531,6,531:6:257,35.729481,rejected,blurry,"{""x"": 435, ""y"": 289, ""w"": 629, ""h"": 1209}",4.913,,,[],483.8,,,,evidence/v1-warm/531_6_257-crop_jpeg.jpg,,
v1-warm,P,15,532,2,532:2:258,36.334577,rejected,blurry,"{""x"": 1526, ""y"": 0, ""w"": 810, ""h"": 1647}",8.605,,,[],385,,,,evidence/v1-warm/532_2_258-crop_jpeg.jpg,,
v1-warm,W,15,532,6,532:6:259,36.334577,rejected,blurry,"{""x"": 533, ""y"": 321, ""w"": 617, ""h"": 1186}",6.055,,,[],390.66,,,,evidence/v1-warm/532_6_259-crop_jpeg.jpg,,
v1-warm,P,15,533,2,533:2:260,36.95597,rejected,blurry,"{""x"": 1554, ""y"": 0, ""w"": 797, ""h"": 1707}",7.035,,,[],441.81,,,,evidence/v1-warm/533_2_260-crop_jpeg.jpg,,
v1-warm,W,15,533,6,533:6:261,36.95597,rejected,blurry,"{""x"": 549, ""y"": 377, ""w"": 612, ""h"": 1176}",5.209,,,[],448.51,,,,evidence/v1-warm/533_6_261-crop_jpeg.jpg,,
v1-warm,P,15,534,2,534:2:262,37.558761,rejected,blurry,"{""x"": 1611, ""y"": 0, ""w"": 780, ""h"": 1729}",12.82,,,[],387.56,,,,evidence/v1-warm/534_2_262-crop_jpeg.jpg,,
v1-warm,D,15,534,6,534:6:263,37.558761,rejected,blurry,"{""x"": 545, ""y"": 358, ""w"": 891, ""h"": 1698}",14.282,,,[],397.29,,,,evidence/v1-warm/534_6_263-crop_jpeg.jpg,,
v1-warm,P,15,535,2,535:2:264,38.159605,accepted,accepted,"{""x"": 1614, ""y"": 0, ""w"": 778, ""h"": 1704}",17.386,done," | МОЛОКО | 2,5%","[0, 0.9061595797538757, 0.9637609720230103]",437.78,4.766063999795733,974.2542419999154,2928.24102296,evidence/v1-warm/535_2_264-crop_jpeg.jpg,"{""source_request_ids"": [""535:2:264"", ""543:2:270"", ""548:2:273""], ""lines"": [{""text"": ""2,5%"", ""score"": 0.9867290258407593}, {""text"": ""LR"", ""score"": 0.17540530860424042}, {""text"": ""МОЛОКО"", ""score"": 0.9061595797538757}], ""result"": {""status"": ""needs_more_evidence"", ""choice"": null, ""confidence"": null, ""probabilities"": null}, ""duration_ms"": 842.8534409999884, ""source_ids_dropped"": 0, ""error"": false}",2929.2200432659997
v1-warm,D,15,535,6,535:6:265,38.159605,rejected,blurry,"{""x"": 514, ""y"": 262, ""w"": 1026, ""h"": 1898}",13.083,,,[],448.64,,,,evidence/v1-warm/535_6_265-crop_jpeg.jpg,,
v1-warm,D,15,536,6,536:6:266,38.774096,accepted,accepted,"{""x"": 507, ""y"": 279, ""w"": 1051, ""h"": 1881}",21.05,done,СВЯТC | УСТОЧИ | OMUK | Вдеревне | ФЕПМ | УЗНАТЬ | БОЛЬШЕ | ,"[0.6144527196884155, 0.5747949481010437, 0.4803677797317505, 0.6365007162094116, 0.7156755924224854, 0.8416313529014587, 0.9682127833366394, 0]",596.69,55.04348900012701,1436.5102599999773,2929.17056339,evidence/v1-warm/536_6_266-crop_jpeg.jpg,"{""source_request_ids"": [""536:6:266"", ""540:6:269"", ""544:6:271"", ""548:6:274""], ""lines"": [{""text"": ""Domиk"", ""score"": 0.6371315121650696}, {""text"": ""MОΛОK"", ""score"": 0.4948347508907318}, {""text"": ""omu"", ""score"": 0.5301225781440735}, {""text"": ""OMUK"", ""score"": 0.4803677797317505}, {""text"": ""uc"", ""score"": 0.43470749258995056}, {""text"": ""БОЛЬШЕ"", ""score"": 0.9682127833366394}, {""text"": ""Вдеревне"", ""score"": 0.6365007162094116}, {""text"": ""КАЧЕСТВО"", ""score"": 0.9884412884712219}, {""text"": ""омик"", ""score"": 0.4167231321334839}, {""text"": ""СВЯТC"", ""score"": 0.6144527196884155}, {""text"": ""СВЯТС"", ""score"": 0.5672020316123962}, {""text"": ""УЗНАТЬ"", ""score"": 0.8416313529014587}, {""text"": ""УСТОЧИ"", ""score"": 0.5747949481010437}, {""text"": ""ФЕПМ"", ""score"": 0.7156755924224854}, {""text"": ""ФЕРМ"", ""score"": 0.7265439629554749}], ""result"": {""status"": ""candidate"", ""choice"": ""domik-v-derevne-2-5-930ml"", ""confidence"": 0.96, ""probabilities"": {""aqua-minerale-0-5l"": 0, ""stantsiya-molochnaya-kefir-1-0-430g"": 0, ""dobryi-cola-no-sugar-0-5l"": 0, ""other_product"": 0.01, ""senezhskaya-0-5l"": 0, ""insufficient_evidence"": 0.01, ""prostokvashino-2-5-930ml"": 0, ""saint-spring-0-75l"": 0.01, ""domik-v-derevne-2-5-930ml"": 0.97}}, ""duration_ms"": 835.3643250002278, ""source_ids_dropped"": 0, ""error"": false}",2930.662117139
v1-warm,D,15,538,6,538:6:267,40.399342,rejected,throttled,"{""x"": 502, ""y"": 288, ""w"": 1056, ""h"": 1872}",24.072,,,[],528.99,,,2930.774784511,evidence/v1-warm/538_6_267-crop_jpeg.jpg,,
v1-warm,P,15,539,2,539:2:268,41.158884,accepted,accepted,"{""x"": 1620, ""y"": 0, ""w"": 758, ""h"": 1689}",18.007,duplicate,,[],392.56,,,2931.388149812,evidence/v1-warm/539_2_268-crop_jpeg.jpg,,
v1-warm,D,15,540,6,540:6:269,41.920615,accepted,accepted,"{""x"": 510, ""y"": 284, ""w"": 1055, ""h"": 1876}",24.517,done,СВЯТС | омик | КАЧЕСТВО | - | ФЕПМ | УЗНАТЬ | БОЛЬШЕ,"[0.5672020316123962, 0.4167231321334839, 0.9884412884712219, 0.5220742225646973, 0.6865261197090149, 0.7536017298698425, 0.9419401288032532]",381.38,5.3614190001098905,1521.6083750001417,2931.947027716,evidence/v1-warm/540_6_269-crop_jpeg.jpg,"{""source_request_ids"": [""536:6:266"", ""540:6:269"", ""544:6:271"", ""548:6:274""], ""lines"": [{""text"": ""Domиk"", ""score"": 0.6371315121650696}, {""text"": ""MОΛОK"", ""score"": 0.4948347508907318}, {""text"": ""omu"", ""score"": 0.5301225781440735}, {""text"": ""OMUK"", ""score"": 0.4803677797317505}, {""text"": ""uc"", ""score"": 0.43470749258995056}, {""text"": ""БОЛЬШЕ"", ""score"": 0.9682127833366394}, {""text"": ""Вдеревне"", ""score"": 0.6365007162094116}, {""text"": ""КАЧЕСТВО"", ""score"": 0.9884412884712219}, {""text"": ""омик"", ""score"": 0.4167231321334839}, {""text"": ""СВЯТC"", ""score"": 0.6144527196884155}, {""text"": ""СВЯТС"", ""score"": 0.5672020316123962}, {""text"": ""УЗНАТЬ"", ""score"": 0.8416313529014587}, {""text"": ""УСТОЧИ"", ""score"": 0.5747949481010437}, {""text"": ""ФЕПМ"", ""score"": 0.7156755924224854}, {""text"": ""ФЕРМ"", ""score"": 0.7265439629554749}], ""result"": {""status"": ""candidate"", ""choice"": ""domik-v-derevne-2-5-930ml"", ""confidence"": 0.96, ""probabilities"": {""aqua-minerale-0-5l"": 0, ""stantsiya-molochnaya-kefir-1-0-430g"": 0, ""dobryi-cola-no-sugar-0-5l"": 0, ""other_product"": 0.01, ""senezhskaya-0-5l"": 0, ""insufficient_evidence"": 0.01, ""prostokvashino-2-5-930ml"": 0, ""saint-spring-0-75l"": 0.01, ""domik-v-derevne-2-5-930ml"": 0.97}}, ""duration_ms"": 835.3643250002278, ""source_ids_dropped"": 0, ""error"": false}",2933.47399751
v1-warm,P,15,543,2,543:2:270,43.862534,accepted,accepted,"{""x"": 1626, ""y"": 0, ""w"": 746, ""h"": 1687}",20.641,done," | B | МОЛОКО | 2,5%","[0, 0.6007341146469116, 0.87955641746521, 0.9867290258407593]",373.48,2.828955000040878,1105.1699120002922,2934.073318966,evidence/v1-warm/543_2_270-crop_jpeg.jpg,"{""source_request_ids"": [""535:2:264"", ""543:2:270"", ""548:2:273""], ""lines"": [{""text"": ""2,5%"", ""score"": 0.9867290258407593}, {""text"": ""LR"", ""score"": 0.17540530860424042}, {""text"": ""МОЛОКО"", ""score"": 0.9061595797538757}], ""result"": {""status"": ""needs_more_evidence"", ""choice"": null, ""confidence"": null, ""probabilities"": null}, ""duration_ms"": 842.8534409999884, ""source_ids_dropped"": 0, ""error"": false}",2935.1813178330003
v1-warm,D,15,544,6,544:6:271,44.625821,accepted,accepted,"{""x"": 518, ""y"": 278, ""w"": 1041, ""h"": 1882}",19.341,done,9 | Domиk | Вдеревне | КАЧЕСТВО | ФЕПМ | УЗНАТЬ,"[0.23631766438484192, 0.6371315121650696, 0.6078336238861084, 0.9853761196136475, 0.7123191356658936, 0.6034517288208008]",464,394.21682200008945,1568.084846000147,2934.795698073,evidence/v1-warm/544_6_271-crop_jpeg.jpg,"{""source_request_ids"": [""536:6:266"", ""540:6:269"", ""544:6:271"", ""548:6:274""], ""lines"": [{""text"": ""Domиk"", ""score"": 0.6371315121650696}, {""text"": ""MОΛОK"", ""score"": 0.4948347508907318}, {""text"": ""omu"", ""score"": 0.5301225781440735}, {""text"": ""OMUK"", ""score"": 0.4803677797317505}, {""text"": ""uc"", ""score"": 0.43470749258995056}, {""text"": ""БОЛЬШЕ"", ""score"": 0.9682127833366394}, {""text"": ""Вдеревне"", ""score"": 0.6365007162094116}, {""text"": ""КАЧЕСТВО"", ""score"": 0.9884412884712219}, {""text"": ""омик"", ""score"": 0.4167231321334839}, {""text"": ""СВЯТC"", ""score"": 0.6144527196884155}, {""text"": ""СВЯТС"", ""score"": 0.5672020316123962}, {""text"": ""УЗНАТЬ"", ""score"": 0.8416313529014587}, {""text"": ""УСТОЧИ"", ""score"": 0.5747949481010437}, {""text"": ""ФЕПМ"", ""score"": 0.7156755924224854}, {""text"": ""ФЕРМ"", ""score"": 0.7265439629554749}], ""result"": {""status"": ""candidate"", ""choice"": ""domik-v-derevne-2-5-930ml"", ""confidence"": 0.96, ""probabilities"": {""aqua-minerale-0-5l"": 0, ""stantsiya-molochnaya-kefir-1-0-430g"": 0, ""dobryi-cola-no-sugar-0-5l"": 0, ""other_product"": 0.01, ""senezhskaya-0-5l"": 0, ""insufficient_evidence"": 0.01, ""prostokvashino-2-5-930ml"": 0, ""saint-spring-0-75l"": 0.01, ""domik-v-derevne-2-5-930ml"": 0.97}}, ""duration_ms"": 835.3643250002278, ""source_ids_dropped"": 0, ""error"": false}",2936.7579997410003
v1-warm,P,15,547,2,547:2:272,46.850529,rejected,blurry,"{""x"": 1465, ""y"": 0, ""w"": 681, ""h"": 1523}",14.565,,,[],371.76,,,,evidence/v1-warm/547_2_272-crop_jpeg.jpg,,
v1-warm,P,15,548,2,548:2:273,47.674173,accepted,accepted,"{""x"": 1391, ""y"": 0, ""w"": 668, ""h"": 1504}",33.461,done,"LR | МОЛОКО | 2,5%","[0.17540530860424042, 0.8877460360527039, 0.9455673098564148]",23.78,2.9333679999581364,506.3415630002055,2937.31889702,evidence/v1-warm/548_2_273-crop_jpeg.jpg,"{""source_request_ids"": [""535:2:264"", ""543:2:270"", ""548:2:273""], ""lines"": [{""text"": ""2,5%"", ""score"": 0.9867290258407593}, {""text"": ""LR"", ""score"": 0.17540530860424042}, {""text"": ""МОЛОКО"", ""score"": 0.9061595797538757}], ""result"": {""status"": ""needs_more_evidence"", ""choice"": null, ""confidence"": null, ""probabilities"": null}, ""duration_ms"": 842.8534409999884, ""source_ids_dropped"": 0, ""error"": false}",2937.828171951
v1-warm,D,15,548,6,548:6:274,47.674173,accepted,accepted,"{""x"": 586, ""y"": 95, ""w"": 889, ""h"": 1803}",23.534,done,uc | omu | MОΛОK | ФЕРМ,"[0.43470749258995056, 0.5301225781440735, 0.4948347508907318, 0.7265439629554749]",33.8,501.80934399986654,929.0912710002885,2937.332420897,evidence/v1-warm/548_6_274-crop_jpeg.jpg,"{""source_request_ids"": [""536:6:266"", ""540:6:269"", ""544:6:271"", ""548:6:274""], ""lines"": [{""text"": ""Domиk"", ""score"": 0.6371315121650696}, {""text"": ""MОΛОK"", ""score"": 0.4948347508907318}, {""text"": ""omu"", ""score"": 0.5301225781440735}, {""text"": ""OMUK"", ""score"": 0.4803677797317505}, {""text"": ""uc"", ""score"": 0.43470749258995056}, {""text"": ""БОЛЬШЕ"", ""score"": 0.9682127833366394}, {""text"": ""Вдеревне"", ""score"": 0.6365007162094116}, {""text"": ""КАЧЕСТВО"", ""score"": 0.9884412884712219}, {""text"": ""омик"", ""score"": 0.4167231321334839}, {""text"": ""СВЯТC"", ""score"": 0.6144527196884155}, {""text"": ""СВЯТС"", ""score"": 0.5672020316123962}, {""text"": ""УЗНАТЬ"", ""score"": 0.8416313529014587}, {""text"": ""УСТОЧИ"", ""score"": 0.5747949481010437}, {""text"": ""ФЕПМ"", ""score"": 0.7156755924224854}, {""text"": ""ФЕРМ"", ""score"": 0.7265439629554749}], ""result"": {""status"": ""candidate"", ""choice"": ""domik-v-derevne-2-5-930ml"", ""confidence"": 0.96, ""probabilities"": {""aqua-minerale-0-5l"": 0, ""stantsiya-molochnaya-kefir-1-0-430g"": 0, ""dobryi-cola-no-sugar-0-5l"": 0, ""other_product"": 0.01, ""senezhskaya-0-5l"": 0, ""insufficient_evidence"": 0.01, ""prostokvashino-2-5-930ml"": 0, ""saint-spring-0-75l"": 0.01, ""domik-v-derevne-2-5-930ml"": 0.97}}, ""duration_ms"": 835.3643250002278, ""source_ids_dropped"": 0, ""error"": false}",2938.763321512
v2-warm-a,D,11,437,1,437:1:119,0.683088,accepted,accepted,"{""x"": 755, ""y"": 383, ""w"": 690, ""h"": 1478}",15.669,done,0 | - | ФЕРМ,"[0.12313295900821686, 0.444747656583786, 0.7380644083023071]",385.35,4.253107000295131,917.1747549999054,2822.409232561,evidence/v2-warm-a/437_1_119-crop_jpeg.jpg,"{""source_request_ids"": [""437:1:119"", ""440:1:128""], ""lines"": [{""text"": ""BЕР"", ""score"": 0.5056619048118591}, {""text"": ""npo"", ""score"": 0.6612511277198792}, {""text"": ""ФЕРМ"", ""score"": 0.7380644083023071}], ""result"": {""status"": ""needs_more_evidence"", ""choice"": null, ""confidence"": null, ""probabilities"": null}, ""duration_ms"": 843.0044400001862, ""source_ids_dropped"": 0, ""error"": false}",2823.330660423
v2-warm-a,W,11,437,2,437:2:120,0.683088,rejected,blurry,"{""x"": 249, ""y"": 523, ""w"": 598, ""h"": 970}",13.356,,,[],391.57,,,,evidence/v2-warm-a/437_2_120-crop_jpeg.jpg,,
v2-warm-a,P,11,437,3,437:3:121,0.683088,accepted,accepted,"{""x"": 1402, ""y"": 100, ""w"": 561, ""h"": 1397}",22.223,done," | МОЛОКО | 2,5%","[0, 0.8835026621818542, 0.9589107632637024]",396.23,916.1969920000956,806.3006379998114,2822.417817882,evidence/v2-warm-a/437_3_121-crop_jpeg.jpg,"{""source_request_ids"": [""437:3:121"", ""439:3:126"", ""442:3:131"", ""446:3:134""], ""lines"": [{""text"": ""2,5%"", ""score"": 0.9589107632637024}, {""text"": ""681"", ""score"": 0.3961172103881836}, {""text"": ""802"", ""score"": 0.34914565086364746}, {""text"": ""МОЛОКО"", ""score"": 0.886040210723877}], ""result"": {""status"": ""needs_more_evidence"", ""choice"": null, ""confidence"": null, ""probabilities"": null}, ""duration_ms"": 863.0522140001631, ""source_ids_dropped"": 0, ""error"": false}",2824.1403155119997
v2-warm-a,A,11,437,4,437:4:122,0.683088,accepted,accepted,"{""x"": 2421, ""y"": 612, ""w"": 541, ""h"": 1211}",16.192,done,3 | AKBA | МИH,"[0.2866712212562561, 0.9827733039855957, 0.4010829031467438]",401.44,1720.725947000119,394.637270000203,2822.422550721,evidence/v2-warm-a/437_4_122-crop_jpeg.jpg,"{""source_request_ids"": [""437:4:122""], ""lines"": [{""text"": ""AKBA"", ""score"": 0.9827733039855957}, {""text"": ""МИH"", ""score"": 0.4010829031467438}], ""result"": {""status"": ""candidate"", ""choice"": ""aqua-minerale-0-5l"", ""confidence"": 0.83, ""probabilities"": {""domik-v-derevne-2-5-930ml"": 0, ""other_product"": 0.01, ""dobryi-cola-no-sugar-0-5l"": 0, ""aqua-minerale-0-5l"": 0.86, ""senezhskaya-0-5l"": 0, ""prostokvashino-2-5-930ml"": 0, ""saint-spring-0-75l"": 0, ""insufficient_evidence"": 0.13, ""stantsiya-molochnaya-kefir-1-0-430g"": 0}}, ""duration_ms"": 853.4155080001256, ""source_ids_dropped"": 0, ""error"": false}",2824.537913938
v2-warm-a,W,11,438,2,438:2:123,1.226769,rejected,blurry,"{""x"": 290, ""y"": 651, ""w"": 550, ""h"": 891}",10.682,,,[],817.64,,,,evidence/v2-warm-a/438_2_123-crop_jpeg.jpg,,
v2-warm-a,S,11,438,5,438:5:124,1.226769,accepted,accepted,"{""x"": 1853, ""y"": 1105, ""w"": 604, ""h"": 1055}",16.582,done, | СЕНЕЖСКАЯ,"[0, 0.8311104774475098]",824.66,999.2705250001563,594.4603620000635,2823.541496502,evidence/v2-warm-a/438_5_124-crop_jpeg.jpg,"{""source_request_ids"": [""438:5:124""], ""lines"": [{""text"": ""СЕНЕЖСКАЯ"", ""score"": 0.8311104774475098}], ""result"": {""status"": ""candidate"", ""choice"": ""senezhskaya-0-5l"", ""confidence"": 0.98, ""probabilities"": {""senezhskaya-0-5l"": 0.98, ""saint-spring-0-75l"": 0, ""insufficient_evidence"": 0.02, ""prostokvashino-2-5-930ml"": 0, ""aqua-minerale-0-5l"": 0, ""other_product"": 0, ""dobryi-cola-no-sugar-0-5l"": 0, ""domik-v-derevne-2-5-930ml"": 0, ""stantsiya-molochnaya-kefir-1-0-430g"": 0}}, ""duration_ms"": 822.6931900003365, ""source_ids_dropped"": 0, ""error"": false}",2825.135227389
v2-warm-a,W,11,439,2,439:2:125,1.910348,rejected,blurry,"{""x"": 367, ""y"": 761, ""w"": 507, ""h"": 822}",12.561,,,[],834,,,,evidence/v2-warm-a/439_2_125-crop_jpeg.jpg,,
v2-warm-a,P,11,439,3,439:3:126,1.910348,accepted,accepted,"{""x"": 1398, ""y"": 411, ""w"": 475, ""h"": 1181}",23.97,done," | МОЛОКО | 2,5%","[0, 0.8744917511940002, 0.9489102363586426]",840.05,437.8657709999061,533.5045799997715,2824.69974987,evidence/v2-warm-a/439_3_126-crop_jpeg.jpg,"{""source_request_ids"": [""437:3:121"", ""439:3:126"", ""442:3:131"", ""446:3:134""], ""lines"": [{""text"": ""2,5%"", ""score"": 0.9589107632637024}, {""text"": ""681"", ""score"": 0.3961172103881836}, {""text"": ""802"", ""score"": 0.34914565086364746}, {""text"": ""МОЛОКО"", ""score"": 0.886040210723877}], ""result"": {""status"": ""needs_more_evidence"", ""choice"": null, ""confidence"": null, ""probabilities"": null}, ""duration_ms"": 863.0522140001631, ""source_ids_dropped"": 0, ""error"": false}",2825.6711202209995
v2-warm-a,A,11,439,4,439:4:127,1.910348,accepted,accepted,"{""x"": 2265, ""y"": 892, ""w"": 453, ""h"": 1011}",17.925,complete,,[],844.65,,,2824.703534564,evidence/v2-warm-a/439_4_127-crop_jpeg.jpg,,
v2-warm-a,D,11,440,1,440:1:128,3.055506,accepted,accepted,"{""x"": 877, ""y"": 729, ""w"": 517, ""h"": 1101}",21.399,done,npo | BЕР,"[0.6612511277198792, 0.5056619048118591]",812.68,1.9333509999341913,583.8624090001758,2825.831238354,evidence/v2-warm-a/440_1_128-crop_jpeg.jpg,"{""source_request_ids"": [""437:1:119"", ""440:1:128""], ""lines"": [{""text"": ""BЕР"", ""score"": 0.5056619048118591}, {""text"": ""npo"", ""score"": 0.6612511277198792}, {""text"": ""ФЕРМ"", ""score"": 0.7380644083023071}], ""result"": {""status"": ""needs_more_evidence"", ""choice"": null, ""confidence"": null, ""probabilities"": null}, ""duration_ms"": 843.0044400001862, ""source_ids_dropped"": 0, ""error"": false}",2826.417034114
v2-warm-a,W,11,440,2,440:2:129,3.055506,accepted,accepted,"{""x"": 424, ""y"": 749, ""w"": 463, ""h"": 748}",17.065,done,,[],817.47,584.7931749999589,155.06628899993302,2825.833789092,evidence/v2-warm-a/440_2_129-crop_jpeg.jpg,,2826.573648556
v2-warm-a,S,11,440,5,440:5:130,3.055506,accepted,accepted,"{""x"": 1797, ""y"": 1255, ""w"": 496, ""h"": 905}",25.041,complete,,[],820.81,,,2825.838797035,evidence/v2-warm-a/440_5_130-crop_jpeg.jpg,,
v2-warm-a,P,11,442,3,442:3:131,5.366425,accepted,accepted,"{""x"": 1394, ""y"": 457, ""w"": 422, ""h"": 1033}",43.838,done," | 681 | МОЛОКО | 2,5%","[0, 0.3961172103881836, 0.862019956111908, 0.9113399386405945]",413.31,1.5414959998452105,621.7492260002473,2827.46309882,evidence/v2-warm-a/442_3_131-crop_jpeg.jpg,"{""source_request_ids"": [""437:3:121"", ""439:3:126"", ""442:3:131"", ""446:3:134""], ""lines"": [{""text"": ""2,5%"", ""score"": 0.9589107632637024}, {""text"": ""681"", ""score"": 0.3961172103881836}, {""text"": ""802"", ""score"": 0.34914565086364746}, {""text"": ""МОЛОКО"", ""score"": 0.886040210723877}], ""result"": {""status"": ""needs_more_evidence"", ""choice"": null, ""confidence"": null, ""probabilities"": null}, ""duration_ms"": 863.0522140001631, ""source_ids_dropped"": 0, ""error"": false}",2828.0863895420002
v2-warm-a,D,11,444,1,444:1:132,6.96616,accepted,accepted,"{""x"": 865, ""y"": 721, ""w"": 508, ""h"": 1064}",26.1,duplicate,,[],382.65,,,2828.896524966,evidence/v2-warm-a/444_1_132-crop_jpeg.jpg,,
v2-warm-a,W,11,444,2,444:2:133,6.96616,accepted,accepted,"{""x"": 409, ""y"": 721, ""w"": 457, ""h"": 732}",20.473,done,,[],386.18,2.3332989999289566,161.2500229998659,2828.898149479,evidence/v2-warm-a/444_2_133-crop_jpeg.jpg,,2829.061732801
v2-warm-a,P,11,446,3,446:3:134,8.345162,accepted,accepted,"{""x"": 1377, ""y"": 424, ""w"": 439, ""h"": 1051}",44.673,done," | 802 | МОЛОКО | 2,5%","[0, 0.34914565086364746, 0.886040210723877, 0.9531444311141968]",388.98,2.1965819996694336,601.1199230001694,2830.137487743,evidence/v2-warm-a/446_3_134-crop_jpeg.jpg,"{""source_request_ids"": [""437:3:121"", ""439:3:126"", ""442:3:131"", ""446:3:134""], ""lines"": [{""text"": ""2,5%"", ""score"": 0.9589107632637024}, {""text"": ""681"", ""score"": 0.3961172103881836}, {""text"": ""802"", ""score"": 0.34914565086364746}, {""text"": ""МОЛОКО"", ""score"": 0.886040210723877}], ""result"": {""status"": ""needs_more_evidence"", ""choice"": null, ""confidence"": null, ""probabilities"": null}, ""duration_ms"": 863.0522140001631, ""source_ids_dropped"": 0, ""error"": false}",2830.7408042479997
v2-warm-a,D,11,448,1,448:1:135,9.577822,accepted,accepted,"{""x"": 843, ""y"": 688, ""w"": 526, ""h"": 1079}",27.892,duplicate,,[],437.03,,,2831.783420205,evidence/v2-warm-a/448_1_135-crop_jpeg.jpg,,
v2-warm-a,W,11,448,2,448:2:136,9.577822,accepted,accepted,"{""x"": 388, ""y"": 690, ""w"": 470, ""h"": 746}",22.843,duplicate,,[],439.85,,,2831.785042452,evidence/v2-warm-a/448_2_136-crop_jpeg.jpg,,
v2-warm-b,D,17,551,1,551:1:275,0.693222,rejected,blurry,"{""x"": 756, ""y"": 403, ""w"": 681, ""h"": 1460}",14.53,,,[],386.22,,,,evidence/v2-warm-b/551_1_275-crop_jpeg.jpg,,
v2-warm-b,W,17,551,2,551:2:276,0.693222,rejected,blurry,"{""x"": 253, ""y"": 539, ""w"": 593, ""h"": 961}",11.898,,,[],390.5,,,,evidence/v2-warm-b/551_2_276-crop_jpeg.jpg,,
v2-warm-b,P,17,551,3,551:3:277,0.693222,accepted,accepted,"{""x"": 1402, ""y"": 121, ""w"": 552, ""h"": 1375}",20.687,done," | МОЛОКО | 2,5%","[0, 0.8802745342254639, 0.9620616436004639]",394.55,3.409842000110075,693.2835829998112,2960.999463319,evidence/v2-warm-b/551_3_277-crop_jpeg.jpg,"{""source_request_ids"": [""551:3:277"", ""554:3:287"", ""558:3:292"", ""562:3:297""], ""lines"": [{""text"": ""2,5%"", ""score"": 0.9674730896949768}, {""text"": ""6U5112"", ""score"": 0.43820515275001526}, {""text"": ""6U81121"", ""score"": 0.42736873030662537}, {""text"": ""82"", ""score"": 0.3674461245536804}, {""text"": ""МОЛОКО"", ""score"": 0.892039954662323}], ""result"": {""status"": ""needs_more_evidence"", ""choice"": null, ""confidence"": null, ""probabilities"": null}, ""duration_ms"": 947.662369000227, ""source_ids_dropped"": 0, ""error"": false}",2961.696156744
v2-warm-b,A,17,551,4,551:4:278,0.693222,rejected,blurry,"{""x"": 2407, ""y"": 627, ""w"": 540, ""h"": 1208}",14.296,,,[],399.33,,,,evidence/v2-warm-b/551_4_278-crop_jpeg.jpg,,
v2-warm-b,D,17,552,1,552:1:279,1.252791,rejected,unknown_request,"{""x"": 778, ""y"": 542, ""w"": 633, ""h"": 1356}",10.917,,,[],,,,,evidence/v2-warm-b/552_1_279-crop_jpeg.jpg,,
v2-warm-b,W,17,552,2,552:2:280,1.252791,rejected,blurry,"{""x"": 286, ""y"": 652, ""w"": 548, ""h"": 889}",12.169,,,[],708.55,,,,evidence/v2-warm-b/552_2_280-crop_jpeg.jpg,,
v2-warm-b,A,17,552,4,552:4:281,1.252791,rejected,blurry,"{""x"": 2324, ""y"": 753, ""w"": 502, ""h"": 1122}",13.639,,,[],712.96,,,,evidence/v2-warm-b/552_4_281-crop_jpeg.jpg,,
v2-warm-b,S,17,552,5,552:5:282,1.252791,accepted,accepted,"{""x"": 1851, ""y"": 1104, ""w"": 604, ""h"": 1056}",17.163,done, | СЕНЕЖСКАЯ,"[0, 0.7768042087554932]",717.98,3.0081159998189833,539.6821419999469,2962.021065344,evidence/v2-warm-b/552_5_282-crop_jpeg.jpg,"{""source_request_ids"": [""552:5:282"", ""555:5:288"", ""559:5:293""], ""lines"": [{""text"": ""CEHЕЖCKA"", ""score"": 0.588487982749939}, {""text"": ""CEHЕЖCKА"", ""score"": 0.5509895086288452}, {""text"": ""СЕНЕЖСКАЯ"", ""score"": 0.7768042087554932}], ""result"": {""status"": ""candidate"", ""choice"": ""senezhskaya-0-5l"", ""confidence"": 0.99, ""probabilities"": {""senezhskaya-0-5l"": 0.99, ""stantsiya-molochnaya-kefir-1-0-430g"": 0, ""prostokvashino-2-5-930ml"": 0, ""saint-spring-0-75l"": 0, ""insufficient_evidence"": 0.01, ""aqua-minerale-0-5l"": 0, ""dobryi-cola-no-sugar-0-5l"": 0, ""other_product"": 0, ""domik-v-derevne-2-5-930ml"": 0}}, ""duration_ms"": 800.1917159999721, ""source_ids_dropped"": 0, ""error"": false}",2962.5637556019997
v2-warm-b,D,17,553,1,553:1:283,1.951667,accepted,accepted,"{""x"": 844, ""y"": 696, ""w"": 570, ""h"": 1220}",16.587,done,,[],408.75,3.293157999905816,449.33267500027796,2962.731541225,evidence/v2-warm-b/553_1_283-crop_jpeg.jpg,,2963.184167058
v2-warm-b,W,17,553,2,553:2:284,1.951667,rejected,blurry,"{""x"": 378, ""y"": 766, ""w"": 500, ""h"": 810}",14.809,,,[],414.31,,,,evidence/v2-warm-b/553_2_284-crop_jpeg.jpg,,
v2-warm-b,A,17,553,4,553:4:285,1.951667,accepted,accepted,"{""x"": 2267, ""y"": 895, ""w"": 451, ""h"": 1007}",21.62,done,AKB,[0.9828774929046631],419.64,445.11512400003994,240.998670999943,2962.741009085,evidence/v2-warm-b/553_4_285-crop_jpeg.jpg,,2963.42712288
v2-warm-b,W,17,554,2,554:2:286,2.967501,accepted,accepted,"{""x"": 425, ""y"": 744, ""w"": 466, ""h"": 752}",17.12,done,,[],674.84,1.8091209999511193,180.79662399986773,2963.744420369,evidence/v2-warm-b/554_2_286-crop_jpeg.jpg,,2963.927026114
v2-warm-b,P,17,554,3,554:3:287,2.967501,accepted,accepted,"{""x"": 1408, ""y"": 444, ""w"": 434, ""h"": 1075}",34.136,done," | 6U5112 | МОЛОКО | 2,5%","[0, 0.43820515275001526, 0.8677307963371277, 0.8970641493797302]",679.75,179.53348499986532,526.507600000059,2963.749474075,evidence/v2-warm-b/554_3_287-crop_jpeg.jpg,"{""source_request_ids"": [""551:3:277"", ""554:3:287"", ""558:3:292"", ""562:3:297""], ""lines"": [{""text"": ""2,5%"", ""score"": 0.9674730896949768}, {""text"": ""6U5112"", ""score"": 0.43820515275001526}, {""text"": ""6U81121"", ""score"": 0.42736873030662537}, {""text"": ""82"", ""score"": 0.3674461245536804}, {""text"": ""МОЛОКО"", ""score"": 0.892039954662323}], ""result"": {""status"": ""needs_more_evidence"", ""choice"": null, ""confidence"": null, ""probabilities"": null}, ""duration_ms"": 947.662369000227, ""source_ids_dropped"": 0, ""error"": false}",2964.45551516
v2-warm-b,S,17,555,5,555:5:288,3.716126,accepted,accepted,"{""x"": 1804, ""y"": 1255, ""w"": 486, ""h"": 893}",30.642,done, | CEHЕЖCKA,"[0, 0.588487982749939]",482.44,2.214385000115726,435.1668660001451,2964.547461156,evidence/v2-warm-b/555_5_288-crop_jpeg.jpg,"{""source_request_ids"": [""552:5:282"", ""555:5:288"", ""559:5:293""], ""lines"": [{""text"": ""CEHЕЖCKA"", ""score"": 0.588487982749939}, {""text"": ""CEHЕЖCKА"", ""score"": 0.5509895086288452}, {""text"": ""СЕНЕЖСКАЯ"", ""score"": 0.7768042087554932}], ""result"": {""status"": ""candidate"", ""choice"": ""senezhskaya-0-5l"", ""confidence"": 0.99, ""probabilities"": {""senezhskaya-0-5l"": 0.99, ""stantsiya-molochnaya-kefir-1-0-430g"": 0, ""prostokvashino-2-5-930ml"": 0, ""saint-spring-0-75l"": 0, ""insufficient_evidence"": 0.01, ""aqua-minerale-0-5l"": 0, ""dobryi-cola-no-sugar-0-5l"": 0, ""other_product"": 0, ""domik-v-derevne-2-5-930ml"": 0}}, ""duration_ms"": 800.1917159999721, ""source_ids_dropped"": 0, ""error"": false}",2964.984842407
v2-warm-b,D,17,556,1,556:1:289,4.708709,accepted,accepted,"{""x"": 888, ""y"": 732, ""w"": 501, ""h"": 1060}",26.299,done,D,[0.7625219225883484],489.08,2.540287000101671,378.17972099992403,2965.322196844,evidence/v2-warm-b/556_1_289-crop_jpeg.jpg,,2965.702916852
v2-warm-b,A,17,556,4,556:4:290,4.708709,accepted,accepted,"{""x"": 2201, ""y"": 945, ""w"": 389, ""h"": 843}",32.682,done,AKB,[0.9761607050895691],491.8,379.96145900024203,186.7891899996721,2965.323824645,evidence/v2-warm-b/556_4_290-crop_jpeg.jpg,,2965.890575294
v2-warm-b,W,17,558,2,558:2:291,6.280838,accepted,accepted,"{""x"": 419, ""y"": 727, ""w"": 454, ""h"": 729}",19.249,done,onis,[0.6747888326644897],422.24,1.1277570001766435,211.65390599981038,2966.817466285,evidence/v2-warm-b/558_2_291-crop_jpeg.jpg,"{""source_request_ids"": [""558:2:291""], ""lines"": [{""text"": ""onis"", ""score"": 0.6747888326644897}], ""result"": {""status"": ""needs_more_evidence"", ""choice"": null, ""confidence"": null, ""probabilities"": null}, ""duration_ms"": 10824.387931000274, ""source_ids_dropped"": 0, ""error"": false}",2967.030247948
v2-warm-b,P,17,558,3,558:3:292,6.280838,accepted,accepted,"{""x"": 1393, ""y"": 443, ""w"": 431, ""h"": 1043}",37.913,done," | 82 | МОЛОКО | 2,5%","[0, 0.3674461245536804, 0.892039954662323, 0.9674730896949768]",430.67,212.90815399970597,672.9315200000201,2966.826215941,evidence/v2-warm-b/558_3_292-crop_jpeg.jpg,"{""source_request_ids"": [""551:3:277"", ""554:3:287"", ""558:3:292"", ""562:3:297""], ""lines"": [{""text"": ""2,5%"", ""score"": 0.9674730896949768}, {""text"": ""6U5112"", ""score"": 0.43820515275001526}, {""text"": ""6U81121"", ""score"": 0.42736873030662537}, {""text"": ""82"", ""score"": 0.3674461245536804}, {""text"": ""МОЛОКО"", ""score"": 0.892039954662323}], ""result"": {""status"": ""needs_more_evidence"", ""choice"": null, ""confidence"": null, ""probabilities"": null}, ""duration_ms"": 947.662369000227, ""source_ids_dropped"": 0, ""error"": false}",2967.712055615
v2-warm-b,S,17,559,5,559:5:293,7.040542,accepted,accepted,"{""x"": 1782, ""y"": 1243, ""w"": 472, ""h"": 844}",32.279,done, | CEHЕЖCKА,"[0, 0.5509895086288452]",407.06,173.53767699978562,366.929411000001,2967.540338869,evidence/v2-warm-b/559_5_293-crop_jpeg.jpg,"{""source_request_ids"": [""552:5:282"", ""555:5:288"", ""559:5:293""], ""lines"": [{""text"": ""CEHЕЖCKA"", ""score"": 0.588487982749939}, {""text"": ""CEHЕЖCKА"", ""score"": 0.5509895086288452}, {""text"": ""СЕНЕЖСКАЯ"", ""score"": 0.7768042087554932}], ""result"": {""status"": ""candidate"", ""choice"": ""senezhskaya-0-5l"", ""confidence"": 0.99, ""probabilities"": {""senezhskaya-0-5l"": 0.99, ""stantsiya-molochnaya-kefir-1-0-430g"": 0, ""prostokvashino-2-5-930ml"": 0, ""saint-spring-0-75l"": 0, ""insufficient_evidence"": 0.01, ""aqua-minerale-0-5l"": 0, ""dobryi-cola-no-sugar-0-5l"": 0, ""other_product"": 0, ""domik-v-derevne-2-5-930ml"": 0}}, ""duration_ms"": 800.1917159999721, ""source_ids_dropped"": 0, ""error"": false}",2968.080805957
v2-warm-b,D,17,560,1,560:1:294,7.776942,accepted,accepted,"{""x"": 852, ""y"": 708, ""w"": 519, ""h"": 1076}",27.937,duplicate,,[],491.01,,,2968.345702787,evidence/v2-warm-b/560_1_294-crop_jpeg.jpg,,
v2-warm-b,A,17,560,4,560:4:295,7.776942,accepted,accepted,"{""x"": 2177, ""y"": 924, ""w"": 414, ""h"": 863}",33.102,duplicate,,[],495.38,,,2968.347458259,evidence/v2-warm-b/560_4_295-crop_jpeg.jpg,,
v2-warm-b,W,17,562,2,562:2:296,9.168193,accepted,accepted,"{""x"": 389, ""y"": 691, ""w"": 469, ""h"": 748}",19.768,duplicate,,[],395.51,,,2969.480748365,evidence/v2-warm-b/562_2_296-crop_jpeg.jpg,,
v2-warm-b,P,17,562,3,562:3:297,9.168193,accepted,accepted,"{""x"": 1372, ""y"": 410, ""w"": 447, ""h"": 1057}",41.34,done,"6 | 6U81121 | МОЛОКО | 2,5%","[0.3560081124305725, 0.42736873030662537, 0.887296199798584, 0.9623483419418335]",401.03,1.1428139996496611,638.1945759999326,2969.486689835,evidence/v2-warm-b/562_3_297-crop_jpeg.jpg,"{""source_request_ids"": [""551:3:277"", ""554:3:287"", ""558:3:292"", ""562:3:297""], ""lines"": [{""text"": ""2,5%"", ""score"": 0.9674730896949768}, {""text"": ""6U5112"", ""score"": 0.43820515275001526}, {""text"": ""6U81121"", ""score"": 0.42736873030662537}, {""text"": ""82"", ""score"": 0.3674461245536804}, {""text"": ""МОЛОКО"", ""score"": 0.892039954662323}], ""result"": {""status"": ""needs_more_evidence"", ""choice"": null, ""confidence"": null, ""probabilities"": null}, ""duration_ms"": 947.662369000227, ""source_ids_dropped"": 0, ""error"": false}",2970.1260272249997
v2-warm-b,S,17,563,5,563:5:298,9.730363,accepted,accepted,"{""x"": 1768, ""y"": 1226, ""w"": 486, ""h"": 847}",30.335,duplicate,,[],485.27,,,2970.290751691,evidence/v2-warm-b/563_5_298-crop_jpeg.jpg,,
v2-warm-b,D,17,564,1,564:1:299,10.449969,accepted,accepted,"{""x"": 839, ""y"": 687, ""w"": 532, ""h"": 1083}",26.592,duplicate,,[],392.31,,,2970.86694631,evidence/v2-warm-b/564_1_299-crop_jpeg.jpg,,
v2-warm-b,A,17,564,4,564:4:300,10.449969,accepted,accepted,"{""x"": 2170, ""y"": 906, ""w"": 434, ""h"": 871}",27.23,done,AKB,[0.9881890416145325],398.7,0.9826969999267021,139.6633400004248,2970.87249521,evidence/v2-warm-b/564_4_300-crop_jpeg.jpg,,2971.0131412470005
v3-warm-a,P,13,452,1,452:1:137,0.710214,accepted,accepted,"{""x"": 1393, ""y"": 454, ""w"": 477, ""h"": 1121}",37.881,done," | U1 | МОЛОКО | 2,5%","[0, 0.39244168996810913, 0.900402843952179, 0.945024847984314]",384.51,2.49313299991627,728.8145640000039,2855.555316842,evidence/v3-warm-a/452_1_137-crop_jpeg.jpg,"{""source_request_ids"": [""452:1:137"", ""455:1:146"", ""459:1:152"", ""463:1:158"", ""468:1:167""], ""lines"": [{""text"": ""0812"", ""score"": 0.4889952540397644}, {""text"": ""2,5%"", ""score"": 0.9770960211753845}, {""text"": ""8812"", ""score"": 0.3484700918197632}, {""text"": ""U1"", ""score"": 0.39244168996810913}, {""text"": ""МОЛОКО"", ""score"": 0.9207799434661865}], ""result"": {""status"": ""needs_more_evidence"", ""choice"": null, ""confidence"": null, ""probabilities"": null}, ""duration_ms"": 949.4650450001245, ""source_ids_dropped"": 0, ""error"": false}",2856.286624539
v3-warm-a,W,13,452,2,452:2:138,0.710214,rejected,blurry,"{""x"": 378, ""y"": 868, ""w"": 530, ""h"": 787}",9.943,,,[],388.09,,,,evidence/v3-warm-a/452_2_138-crop_jpeg.jpg,,
v3-warm-a,D,13,452,3,452:3:139,0.710214,accepted,accepted,"{""x"": 902, ""y"": 895, ""w"": 532, ""h"": 1035}",23.356,done,382 | io | nРО | BE,"[0.26122021675109863, 0.665249228477478, 0.5384777784347534, 0.9634328484535217]",391.75,726.9309379998958,715.6136210001023,2855.562521872,evidence/v3-warm-a/452_3_139-crop_jpeg.jpg,"{""source_request_ids"": [""452:3:139""], ""lines"": [{""text"": ""382"", ""score"": 0.26122021675109863}, {""text"": ""BE"", ""score"": 0.9634328484535217}, {""text"": ""io"", ""score"": 0.665249228477478}, {""text"": ""nРО"", ""score"": 0.5384777784347534}], ""result"": {""status"": ""needs_more_evidence"", ""choice"": null, ""confidence"": null, ""probabilities"": null}, ""duration_ms"": 819.8725560000639, ""source_ids_dropped"": 0, ""error"": false}",2857.005066431
v3-warm-a,A,13,452,4,452:4:140,0.710214,accepted,accepted,"{""x"": 2259, ""y"": 864, ""w"": 455, ""h"": 935}",31.218,done,AKB | CKA,"[0.9812813401222229, 0.9698147177696228]",394.59,1441.4563729997099,216.47231300039493,2855.56490731,evidence/v3-warm-a/452_4_140-crop_jpeg.jpg,"{""source_request_ids"": [""452:4:140"", ""455:4:149"", ""459:4:153"", ""463:4:159"", ""467:4:165""], ""lines"": [{""text"": ""AKB"", ""score"": 0.990189254283905}, {""text"": ""CK"", ""score"": 0.9483124017715454}, {""text"": ""CKA"", ""score"": 0.9698147177696228}], ""result"": {""status"": ""needs_more_evidence"", ""choice"": null, ""confidence"": null, ""probabilities"": null}, ""duration_ms"": 945.2881419997539, ""source_ids_dropped"": 0, ""error"": false}",2857.222835996
v3-warm-a,W,13,453,2,453:2:141,1.248902,rejected,blurry,"{""x"": 255, ""y"": 880, ""w"": 589, ""h"": 883}",13.008,,,[],520.03,,,,evidence/v3-warm-a/453_2_141-crop_jpeg.jpg,,
v3-warm-a,S,13,453,5,453:5:142,1.248902,accepted,accepted,"{""x"": 1878, ""y"": 1247, ""w"": 529, ""h"": 913}",34.985,done,CEНЕЖCKА,[0.566695511341095],526.75,888.783463999971,227.52580899987151,2856.335696758,evidence/v3-warm-a/453_5_142-crop_jpeg.jpg,"{""source_request_ids"": [""453:5:142""], ""lines"": [{""text"": ""CEНЕЖCKА"", ""score"": 0.566695511341095}], ""result"": {""status"": ""candidate"", ""choice"": ""senezhskaya-0-5l"", ""confidence"": 0.98, ""probabilities"": {""domik-v-derevne-2-5-930ml"": 0, ""other_product"": 0, ""stantsiya-molochnaya-kefir-1-0-430g"": 0, ""senezhskaya-0-5l"": 0.99, ""insufficient_evidence"": 0.01, ""saint-spring-0-75l"": 0, ""prostokvashino-2-5-930ml"": 0, ""dobryi-cola-no-sugar-0-5l"": 0, ""aqua-minerale-0-5l"": 0}}, ""duration_ms"": 871.9499759999962, ""source_ids_dropped"": 0, ""error"": false}",2857.4520060309997
v3-warm-a,W,13,454,2,454:2:143,1.887968,rejected,blurry,"{""x"": 243, ""y"": 882, ""w"": 581, ""h"": 874}",11.911,,,[],818.55,,,,evidence/v3-warm-a/454_2_143-crop_jpeg.jpg,,
v3-warm-a,D,13,454,3,454:3:144,1.887968,rejected,throttled,"{""x"": 872, ""y"": 1074, ""w"": 466, ""h"": 896}",20.427,,,[],822.41,,,2857.469225357,evidence/v3-warm-a/454_3_144-crop_jpeg.jpg,,
v3-warm-a,A,13,454,4,454:4:145,1.887968,rejected,throttled,"{""x"": 2221, ""y"": 909, ""w"": 471, ""h"": 965}",29.312,,,[],829.08,,,2857.476514228,evidence/v3-warm-a/454_4_145-crop_jpeg.jpg,,
v3-warm-a,P,13,455,1,455:1:146,2.725916,accepted,accepted,"{""x"": 1321, ""y"": 485, ""w"": 482, ""h"": 1132}",35.59,done,"МОЛОКО | 2,5%","[0.9179099202156067, 0.9484094381332397]",402.97,2.508774000034464,486.19689599991034,2858.112207874,evidence/v3-warm-a/455_1_146-crop_jpeg.jpg,"{""source_request_ids"": [""452:1:137"", ""455:1:146"", ""459:1:152"", ""463:1:158"", ""468:1:167""], ""lines"": [{""text"": ""0812"", ""score"": 0.4889952540397644}, {""text"": ""2,5%"", ""score"": 0.9770960211753845}, {""text"": ""8812"", ""score"": 0.3484700918197632}, {""text"": ""U1"", ""score"": 0.39244168996810913}, {""text"": ""МОЛОКО"", ""score"": 0.9207799434661865}], ""result"": {""status"": ""needs_more_evidence"", ""choice"": null, ""confidence"": null, ""probabilities"": null}, ""duration_ms"": 949.4650450001245, ""source_ids_dropped"": 0, ""error"": false}",2858.600913544
v3-warm-a,W,13,455,2,455:2:147,2.725916,rejected,blurry,"{""x"": 191, ""y"": 872, ""w"": 591, ""h"": 898}",10.159,,,[],405.73,,,,evidence/v3-warm-a/455_2_147-crop_jpeg.jpg,,
v3-warm-a,D,13,455,3,455:3:148,2.725916,accepted,accepted,"{""x"": 849, ""y"": 1099, ""w"": 498, ""h"": 950}",16.782,done,,[],407.89,486.56364399994345,286.1743739999838,2858.116399291,evidence/v3-warm-a/455_3_148-crop_jpeg.jpg,,2858.889137309
v3-warm-a,A,13,455,4,455:4:149,2.725916,accepted,accepted,"{""x"": 2205, ""y"": 919, ""w"": 470, ""h"": 964}",25.677,done,AKB | CKA,"[0.9860045313835144, 0.9509555697441101]",409.73,771.7728620000344,293.8637550000749,2858.118458966,evidence/v3-warm-a/455_4_149-crop_jpeg.jpg,"{""source_request_ids"": [""452:4:140"", ""455:4:149"", ""459:4:153"", ""463:4:159"", ""467:4:165""], ""lines"": [{""text"": ""AKB"", ""score"": 0.990189254283905}, {""text"": ""CK"", ""score"": 0.9483124017715454}, {""text"": ""CKA"", ""score"": 0.9698147177696228}], ""result"": {""status"": ""needs_more_evidence"", ""choice"": null, ""confidence"": null, ""probabilities"": null}, ""duration_ms"": 945.2881419997539, ""source_ids_dropped"": 0, ""error"": false}",2859.1840955830003
v3-warm-a,ambiguous,13,457,2,457:2:150,4.456061,rejected,blurry,"{""x"": 143, ""y"": 1184, ""w"": 443, ""h"": 645}",8.768,,,[],416.63,,,,evidence/v3-warm-a/457_2_150-crop_jpeg.jpg,,
v3-warm-a,D,13,458,2,458:2:151,5.220399,rejected,blurry,"{""x"": 17, ""y"": 1206, ""w"": 660, ""h"": 952}",14.087,,,[],380.31,,,,evidence/v3-warm-a/458_2_151-crop_jpeg.jpg,,
v3-warm-a,P,13,459,1,459:1:152,5.822194,accepted,accepted,"{""x"": 1379, ""y"": 437, ""w"": 500, ""h"": 1160}",45.075,done,"МОЛОКО | 2,5%","[0.8740207552909851, 0.9313386082649231]",395.07,1.3923479996265087,328.3952589999899,2860.698959406,evidence/v3-warm-a/459_1_152-crop_jpeg.jpg,"{""source_request_ids"": [""452:1:137"", ""455:1:146"", ""459:1:152"", ""463:1:158"", ""468:1:167""], ""lines"": [{""text"": ""0812"", ""score"": 0.4889952540397644}, {""text"": ""2,5%"", ""score"": 0.9770960211753845}, {""text"": ""8812"", ""score"": 0.3484700918197632}, {""text"": ""U1"", ""score"": 0.39244168996810913}, {""text"": ""МОЛОКО"", ""score"": 0.9207799434661865}], ""result"": {""status"": ""needs_more_evidence"", ""choice"": null, ""confidence"": null, ""probabilities"": null}, ""duration_ms"": 949.4650450001245, ""source_ids_dropped"": 0, ""error"": false}",2861.0287470129997
v3-warm-a,A,13,459,4,459:4:153,5.822194,accepted,accepted,"{""x"": 2284, ""y"": 919, ""w"": 480, ""h"": 980}",30.43,done, | AKB | CK,"[0, 0.9863269925117493, 0.9483124017715454]",398.42,329.26453699974445,402.707816000202,2860.701550995,evidence/v3-warm-a/459_4_153-crop_jpeg.jpg,"{""source_request_ids"": [""452:4:140"", ""455:4:149"", ""459:4:153"", ""463:4:159"", ""467:4:165""], ""lines"": [{""text"": ""AKB"", ""score"": 0.990189254283905}, {""text"": ""CK"", ""score"": 0.9483124017715454}, {""text"": ""CKA"", ""score"": 0.9698147177696228}], ""result"": {""status"": ""needs_more_evidence"", ""choice"": null, ""confidence"": null, ""probabilities"": null}, ""duration_ms"": 945.2881419997539, ""source_ids_dropped"": 0, ""error"": false}",2861.433523348
v3-warm-a,D,13,459,2,459:2:154,5.822194,rejected,blurry,"{""x"": 0, ""y"": 1161, ""w"": 570, ""h"": 999}",13.316,,,[],403.76,,,,evidence/v3-warm-a/459_2_154-crop_jpeg.jpg,,
v3-warm-a,W,13,459,7,459:7:155,5.822194,accepted,accepted,"{""x"": 340, ""y"": 799, ""w"": 504, ""h"": 818}",21.658,done,,[],406.93,724.5514730002469,182.47222599984525,2860.709967408,evidence/v3-warm-a/459_7_155-crop_jpeg.jpg,,2861.616991107
v3-warm-a,D,13,460,2,460:2:156,6.383057,rejected,unknown_request,"{""x"": 0, ""y"": 966, ""w"": 604, ""h"": 1014}",20.915,,,[],,,,,evidence/v3-warm-a/460_2_156-crop_jpeg.jpg,,
v3-warm-a,D,13,461,2,461:2:157,7.102265,accepted,accepted,"{""x"": 0, ""y"": 774, ""w"": 592, ""h"": 1076}",16.529,done,UCT | *,"[0.855008602142334, 0.37585797905921936]",405.25,2.4776680002105422,363.33465100005924,2862.214879011,evidence/v3-warm-a/461_2_157-crop_jpeg.jpg,"{""source_request_ids"": [""461:2:157"", ""466:2:163""], ""lines"": [{""text"": ""033"", ""score"": 0.9785776138305664}, {""text"": ""AE"", ""score"": 0.6068745255470276}, {""text"": ""T BИCЛEPТ"", ""score"": 0.3619174361228943}, {""text"": ""UCT"", ""score"": 0.855008602142334}], ""result"": {""status"": ""needs_more_evidence"", ""choice"": null, ""confidence"": null, ""probabilities"": null}, ""duration_ms"": 874.0976560002309, ""source_ids_dropped"": 0, ""error"": false}",2862.5806913300003
v3-warm-a,P,13,463,1,463:1:158,8.602287,accepted,accepted,"{""x"": 1153, ""y"": 196, ""w"": 547, ""h"": 1254}",39.5,done,"S | 8812 | МОЛОКО | 2,5%","[0.2998402416706085, 0.3484700918197632, 0.9207799434661865, 0.9770960211753845]",380.12,1.7070359999706852,438.5283420001542,2863.603423319,evidence/v3-warm-a/463_1_158-crop_jpeg.jpg,"{""source_request_ids"": [""452:1:137"", ""455:1:146"", ""459:1:152"", ""463:1:158"", ""468:1:167""], ""lines"": [{""text"": ""0812"", ""score"": 0.4889952540397644}, {""text"": ""2,5%"", ""score"": 0.9770960211753845}, {""text"": ""8812"", ""score"": 0.3484700918197632}, {""text"": ""U1"", ""score"": 0.39244168996810913}, {""text"": ""МОЛОКО"", ""score"": 0.9207799434661865}], ""result"": {""status"": ""needs_more_evidence"", ""choice"": null, ""confidence"": null, ""probabilities"": null}, ""duration_ms"": 949.4650450001245, ""source_ids_dropped"": 0, ""error"": false}",2864.043658697
v3-warm-a,A,13,463,4,463:4:159,8.602287,accepted,accepted,"{""x"": 2133, ""y"": 724, ""w"": 503, ""h"": 1012}",24.646,done,AKB,[0.9809343218803406],385.09,439.5164699999441,268.818949999968,2863.60570329,evidence/v3-warm-a/463_4_159-crop_jpeg.jpg,"{""source_request_ids"": [""452:4:140"", ""455:4:149"", ""459:4:153"", ""463:4:159"", ""467:4:165""], ""lines"": [{""text"": ""AKB"", ""score"": 0.990189254283905}, {""text"": ""CK"", ""score"": 0.9483124017715454}, {""text"": ""CKA"", ""score"": 0.9698147177696228}], ""result"": {""status"": ""needs_more_evidence"", ""choice"": null, ""confidence"": null, ""probabilities"": null}, ""duration_ms"": 945.2881419997539, ""source_ids_dropped"": 0, ""error"": false}",2864.3140387099997
v3-warm-a,W,13,463,7,463:7:160,8.602287,accepted,accepted,"{""x"": 586, ""y"": 529, ""w"": 528, ""h"": 857}",24.209,done,"2,50",[0.7720906734466553],389.42,705.0895180000225,202.87419299984322,2863.610308446,evidence/v3-warm-a/463_7_160-crop_jpeg.jpg,"{""source_request_ids"": [""463:7:160"", ""467:7:166""], ""lines"": [{""text"": ""2,50"", ""score"": 0.7720906734466553}, {""text"": ""3He"", ""score"": 0.5226054787635803}], ""result"": {""status"": ""needs_more_evidence"", ""choice"": null, ""confidence"": null, ""probabilities"": null}, ""duration_ms"": 942.8126459997657, ""source_ids_dropped"": 0, ""error"": false}",2864.518272157
v3-warm-a,D,13,465,2,465:2:161,9.930667,rejected,blurry,"{""x"": 194, ""y"": 468, ""w"": 722, ""h"": 1057}",13.909,,,[],453.26,,,,evidence/v3-warm-a/465_2_161-crop_jpeg.jpg,,
v3-warm-a,ambiguous,13,465,3,465:3:162,9.930667,rejected,blurry,"{""x"": 747, ""y"": 1177, ""w"": 409, ""h"": 700}",9.191,,,[],459.02,,,,evidence/v3-warm-a/465_3_162-crop_jpeg.jpg,,
v3-warm-a,D,13,466,2,466:2:163,10.669737,accepted,accepted,"{""x"": 126, ""y"": 385, ""w"": 818, ""h"": 1217}",19.955,done,033 | T BИCЛEPТ | AE,"[0.9785776138305664, 0.3619174361228943, 0.6068745255470276]",421.41,2.3901240001578117,533.9086459998725,2865.656553444,evidence/v3-warm-a/466_2_163-crop_jpeg.jpg,"{""source_request_ids"": [""461:2:157"", ""466:2:163""], ""lines"": [{""text"": ""033"", ""score"": 0.9785776138305664}, {""text"": ""AE"", ""score"": 0.6068745255470276}, {""text"": ""T BИCЛEPТ"", ""score"": 0.3619174361228943}, {""text"": ""UCT"", ""score"": 0.855008602142334}], ""result"": {""status"": ""needs_more_evidence"", ""choice"": null, ""confidence"": null, ""probabilities"": null}, ""duration_ms"": 874.0976560002309, ""source_ids_dropped"": 0, ""error"": false}",2866.192852214
v3-warm-a,P,13,467,1,467:1:164,11.309475,rejected,blurry,"{""x"": 1114, ""y"": 279, ""w"": 440, ""h"": 941}",13.718,,,[],417.38,,,,evidence/v3-warm-a/467_1_164-crop_jpeg.jpg,,
v3-warm-a,A,13,467,4,467:4:165,11.309475,accepted,accepted,"{""x"": 1974, ""y"": 737, ""w"": 523, ""h"": 1031}",21.445,done,AKB,[0.990189254283905],421.31,1.7691449997983,340.5888820002474,2866.389402313,evidence/v3-warm-a/467_4_165-crop_jpeg.jpg,"{""source_request_ids"": [""452:4:140"", ""455:4:149"", ""459:4:153"", ""463:4:159"", ""467:4:165""], ""lines"": [{""text"": ""AKB"", ""score"": 0.990189254283905}, {""text"": ""CK"", ""score"": 0.9483124017715454}, {""text"": ""CKA"", ""score"": 0.9698147177696228}], ""result"": {""status"": ""needs_more_evidence"", ""choice"": null, ""confidence"": null, ""probabilities"": null}, ""duration_ms"": 945.2881419997539, ""source_ids_dropped"": 0, ""error"": false}",2866.73176034
v3-warm-a,W,13,467,7,467:7:166,11.309475,accepted,accepted,"{""x"": 735, ""y"": 610, ""w"": 487, ""h"": 811}",18.452,done,3He,[0.5226054787635803],425.62,340.8991360001892,196.08872899971175,2866.392587039,evidence/v3-warm-a/467_7_166-crop_jpeg.jpg,"{""source_request_ids"": [""463:7:160"", ""467:7:166""], ""lines"": [{""text"": ""2,50"", ""score"": 0.7720906734466553}, {""text"": ""3He"", ""score"": 0.5226054787635803}], ""result"": {""status"": ""needs_more_evidence"", ""choice"": null, ""confidence"": null, ""probabilities"": null}, ""duration_ms"": 942.8126459997657, ""source_ids_dropped"": 0, ""error"": false}",2866.9295749039998
v3-warm-a,P,13,468,1,468:1:167,12.047285,accepted,accepted,"{""x"": 1164, ""y"": 289, ""w"": 519, ""h"": 1115}",34.115,done," | 0812 | МОЛОКО | 2,5%","[0, 0.4889952540397644, 0.8798852562904358, 0.9733446836471558]",395.13,1.8229530001008243,396.8879960002596,2867.034545108,evidence/v3-warm-a/468_1_167-crop_jpeg.jpg,"{""source_request_ids"": [""452:1:137"", ""455:1:146"", ""459:1:152"", ""463:1:158"", ""468:1:167""], ""lines"": [{""text"": ""0812"", ""score"": 0.4889952540397644}, {""text"": ""2,5%"", ""score"": 0.9770960211753845}, {""text"": ""8812"", ""score"": 0.3484700918197632}, {""text"": ""U1"", ""score"": 0.39244168996810913}, {""text"": ""МОЛОКО"", ""score"": 0.9207799434661865}], ""result"": {""status"": ""needs_more_evidence"", ""choice"": null, ""confidence"": null, ""probabilities"": null}, ""duration_ms"": 949.4650450001245, ""source_ids_dropped"": 0, ""error"": false}",2867.4332560570006
v3-warm-b,P,19,567,1,567:1:301,0.703272,accepted,accepted,"{""x"": 1393, ""y"": 454, ""w"": 477, ""h"": 1121}",37.881,done," | U1 | МОЛОКО | 2,5%","[0, 0.39244168996810913, 0.900402843952179, 0.945024847984314]",381.97,1.2920350000058534,414.7659449999992,2994.786004978,evidence/v3-warm-b/567_1_301-crop_jpeg.jpg,"{""source_request_ids"": [""567:1:301"", ""570:1:308"", ""573:1:314"", ""576:1:319"", ""579:1:325""], ""lines"": [{""text"": ""2,5%"", ""score"": 0.9661796689033508}, {""text"": ""6LU8E112"", ""score"": 0.35986796021461487}, {""text"": ""AU10"", ""score"": 0.32374903559684753}, {""text"": ""MO"", ""score"": 0.8970581293106079}, {""text"": ""POCTO"", ""score"": 0.9198495745658875}, {""text"": ""S1"", ""score"": 0.2995334267616272}, {""text"": ""U1"", ""score"": 0.39244168996810913}, {""text"": ""МОЛОКО"", ""score"": 0.900402843952179}], ""result"": {""status"": ""needs_more_evidence"", ""choice"": null, ""confidence"": null, ""probabilities"": null}, ""duration_ms"": 0.060880000091856346, ""source_ids_dropped"": 0, ""error"": true}",2995.202062958
v3-warm-b,W,19,567,2,567:2:302,0.703272,rejected,blurry,"{""x"": 378, ""y"": 868, ""w"": 530, ""h"": 787}",9.943,,,[],384.93,,,,evidence/v3-warm-b/567_2_302-crop_jpeg.jpg,,
v3-warm-b,D,19,567,3,567:3:303,0.703272,accepted,accepted,"{""x"": 902, ""y"": 895, ""w"": 532, ""h"": 1035}",23.356,done,382 | io | nРО | BE,"[0.26122021675109863, 0.665249228477478, 0.5384777784347534, 0.9634328484535217]",388.99,409.8374159998457,455.8601910002835,2994.794201815,evidence/v3-warm-b/567_3_303-crop_jpeg.jpg,"{""source_request_ids"": [""567:3:303""], ""lines"": [{""text"": ""382"", ""score"": 0.26122021675109863}, {""text"": ""BE"", ""score"": 0.9634328484535217}, {""text"": ""io"", ""score"": 0.665249228477478}, {""text"": ""nРО"", ""score"": 0.5384777784347534}], ""result"": {""status"": ""needs_more_evidence"", ""choice"": null, ""confidence"": null, ""probabilities"": null}, ""duration_ms"": 858.9973190000819, ""source_ids_dropped"": 0, ""error"": false}",2995.6598994220003
v3-warm-b,A,19,567,4,567:4:304,0.703272,accepted,accepted,"{""x"": 2259, ""y"": 864, ""w"": 455, ""h"": 935}",31.218,done,AKB | CKA,"[0.9812813401222229, 0.9698147177696228]",392.81,864.0340480001214,333.60162999997556,2994.797797319,evidence/v3-warm-b/567_4_304-crop_jpeg.jpg,"{""source_request_ids"": [""567:4:304"", ""571:4:312"", ""574:4:315"", ""577:4:320"", ""580:4:327""], ""lines"": [{""text"": ""1M"", ""score"": 0.28895217180252075}, {""text"": ""AKB"", ""score"": 0.9900264143943787}, {""text"": ""AKBI"", ""score"": 0.8583201169967651}, {""text"": ""CK"", ""score"": 0.7832353115081787}, {""text"": ""CKA"", ""score"": 0.9698147177696228}], ""result"": {""status"": ""needs_more_evidence"", ""choice"": null, ""confidence"": null, ""probabilities"": null}, ""duration_ms"": 0.059684999996534316, ""source_ids_dropped"": 0, ""error"": true}",2995.995432997
v3-warm-b,W,19,568,2,568:2:305,1.261148,rejected,blurry,"{""x"": 255, ""y"": 880, ""w"": 589, ""h"": 883}",13.008,,,[],765.42,,,,evidence/v3-warm-b/568_2_305-crop_jpeg.jpg,,
v3-warm-b,S,19,568,5,568:5:306,1.261148,accepted,accepted,"{""x"": 1878, ""y"": 1247, ""w"": 529, ""h"": 913}",34.985,done,CEНЕЖCKА,[0.566695511341095],772.43,111.01088899977185,369.11132800014457,2995.886817661,evidence/v3-warm-b/568_5_306-crop_jpeg.jpg,"{""source_request_ids"": [""568:5:306"", ""572:5:313"", ""575:5:317""], ""lines"": [{""text"": ""CEНЕЖCKА"", ""score"": 0.566695511341095}, {""text"": ""СЕНЕЖCКА"", ""score"": 0.6053337454795837}], ""result"": {""status"": ""needs_more_evidence"", ""choice"": null, ""confidence"": null, ""probabilities"": null}, ""duration_ms"": 0.059717999647546094, ""source_ids_dropped"": 0, ""error"": true}",2996.366939878
v3-warm-b,W,19,569,2,569:2:307,1.970083,rejected,blurry,"{""x"": 235, ""y"": 883, ""w"": 575, ""h"": 867}",11.725,,,[],415.38,,,,evidence/v3-warm-b/569_2_307-crop_jpeg.jpg,,
v3-warm-b,P,19,570,1,570:1:308,3.050989,accepted,accepted,"{""x"": 1312, ""y"": 486, ""w"": 484, ""h"": 1137}",35.488,done," | 8 | МОЛОКО | 2,5%","[0, 0.26330724358558655, 0.8814519047737122, 0.9661796689033508]",430.36,1.5996590000213473,586.2620670000069,2997.220701465,evidence/v3-warm-b/570_1_308-crop_jpeg.jpg,"{""source_request_ids"": [""567:1:301"", ""570:1:308"", ""573:1:314"", ""576:1:319"", ""579:1:325""], ""lines"": [{""text"": ""2,5%"", ""score"": 0.9661796689033508}, {""text"": ""6LU8E112"", ""score"": 0.35986796021461487}, {""text"": ""AU10"", ""score"": 0.32374903559684753}, {""text"": ""MO"", ""score"": 0.8970581293106079}, {""text"": ""POCTO"", ""score"": 0.9198495745658875}, {""text"": ""S1"", ""score"": 0.2995334267616272}, {""text"": ""U1"", ""score"": 0.39244168996810913}, {""text"": ""МОЛОКО"", ""score"": 0.900402843952179}], ""result"": {""status"": ""needs_more_evidence"", ""choice"": null, ""confidence"": null, ""probabilities"": null}, ""duration_ms"": 0.060880000091856346, ""source_ids_dropped"": 0, ""error"": true}",2997.808563191
v3-warm-b,W,19,570,2,570:2:309,3.050989,rejected,blurry,"{""x"": 232, ""y"": 840, ""w"": 577, ""h"": 874}",12.491,,,[],433.26,,,,evidence/v3-warm-b/570_2_309-crop_jpeg.jpg,,
v3-warm-b,W,19,571,2,571:2:310,3.643612,accepted,accepted,"{""x"": 239, ""y"": 881, ""w"": 368, ""h"": 557}",20.319,done,DruS,[0.3538157343864441],673.69,0.6687239997518191,156.5149820003171,2998.136119973,evidence/v3-warm-b/571_2_310-crop_jpeg.jpg,"{""source_request_ids"": [""571:2:310""], ""lines"": [{""text"": ""DruS"", ""score"": 0.3538157343864441}], ""result"": {""status"": ""needs_more_evidence"", ""choice"": null, ""confidence"": null, ""probabilities"": null}, ""duration_ms"": 842.6370680003856, ""source_ids_dropped"": 0, ""error"": false}",2998.293303679
v3-warm-b,D,19,571,3,571:3:311,3.643612,accepted,accepted,"{""x"": 816, ""y"": 1074, ""w"": 537, ""h"": 1021}",31.597,done,,[],678.39,152.4172979998184,340.1974230000633,2998.143372234,evidence/v3-warm-b/571_3_311-crop_jpeg.jpg,,2998.6359869549997
v3-warm-b,A,19,571,4,571:4:312,3.643612,accepted,accepted,"{""x"": 2190, ""y"": 927, ""w"": 471, ""h"": 965}",28.578,done,AKB,[0.9900264143943787],682.85,490.9774180000568,245.51197899972976,2998.146997743,evidence/v3-warm-b/571_4_312-crop_jpeg.jpg,"{""source_request_ids"": [""567:4:304"", ""571:4:312"", ""574:4:315"", ""577:4:320"", ""580:4:327""], ""lines"": [{""text"": ""1M"", ""score"": 0.28895217180252075}, {""text"": ""AKB"", ""score"": 0.9900264143943787}, {""text"": ""AKBI"", ""score"": 0.8583201169967651}, {""text"": ""CK"", ""score"": 0.7832353115081787}, {""text"": ""CKA"", ""score"": 0.9698147177696228}], ""result"": {""status"": ""needs_more_evidence"", ""choice"": null, ""confidence"": null, ""probabilities"": null}, ""duration_ms"": 0.059684999996534316, ""source_ids_dropped"": 0, ""error"": true}",2998.88348714
v3-warm-b,S,19,572,5,572:5:313,4.319014,accepted,accepted,"{""x"": 1791, ""y"": 1282, ""w"": 535, ""h"": 878}",36.575,done,СЕНЕЖCКА,[0.6053337454795837],699.58,2.47218000004068,358.4972700000435,2999.164420617,evidence/v3-warm-b/572_5_313-crop_jpeg.jpg,"{""source_request_ids"": [""568:5:306"", ""572:5:313"", ""575:5:317""], ""lines"": [{""text"": ""CEНЕЖCKА"", ""score"": 0.566695511341095}, {""text"": ""СЕНЕЖCКА"", ""score"": 0.6053337454795837}], ""result"": {""status"": ""needs_more_evidence"", ""choice"": null, ""confidence"": null, ""probabilities"": null}, ""duration_ms"": 0.059717999647546094, ""source_ids_dropped"": 0, ""error"": true}",2999.525390067
v3-warm-b,P,19,573,1,573:1:314,5.31777,accepted,accepted,"{""x"": 1334, ""y"": 463, ""w"": 491, ""h"": 1144}",37.974,done,"S1 | AU10 | МОЛОКО | 2,5%","[0.2995334267616272, 0.32374903559684753, 0.9002845883369446, 0.9477125406265259]",527.04,2.827672999956121,766.6722799999661,3000.017563744,evidence/v3-warm-b/573_1_314-crop_jpeg.jpg,"{""source_request_ids"": [""567:1:301"", ""570:1:308"", ""573:1:314"", ""576:1:319"", ""579:1:325""], ""lines"": [{""text"": ""2,5%"", ""score"": 0.9661796689033508}, {""text"": ""6LU8E112"", ""score"": 0.35986796021461487}, {""text"": ""AU10"", ""score"": 0.32374903559684753}, {""text"": ""MO"", ""score"": 0.8970581293106079}, {""text"": ""POCTO"", ""score"": 0.9198495745658875}, {""text"": ""S1"", ""score"": 0.2995334267616272}, {""text"": ""U1"", ""score"": 0.39244168996810913}, {""text"": ""МОЛОКО"", ""score"": 0.900402843952179}], ""result"": {""status"": ""needs_more_evidence"", ""choice"": null, ""confidence"": null, ""probabilities"": null}, ""duration_ms"": 0.060880000091856346, ""source_ids_dropped"": 0, ""error"": true}",3000.787063697
v3-warm-b,A,19,574,4,574:4:315,6.350823,accepted,accepted,"{""x"": 2265, ""y"": 891, ""w"": 484, ""h"": 988}",25.606,done, | AKB | CK,"[0, 0.9814398884773254, 0.7832353115081787]",685.18,2.376740000272548,530.5968349998693,3001.045805514,evidence/v3-warm-b/574_4_315-crop_jpeg.jpg,"{""source_request_ids"": [""567:4:304"", ""571:4:312"", ""574:4:315"", ""577:4:320"", ""580:4:327""], ""lines"": [{""text"": ""1M"", ""score"": 0.28895217180252075}, {""text"": ""AKB"", ""score"": 0.9900264143943787}, {""text"": ""AKBI"", ""score"": 0.8583201169967651}, {""text"": ""CK"", ""score"": 0.7832353115081787}, {""text"": ""CKA"", ""score"": 0.9698147177696228}], ""result"": {""status"": ""needs_more_evidence"", ""choice"": null, ""confidence"": null, ""probabilities"": null}, ""duration_ms"": 0.059684999996534316, ""source_ids_dropped"": 0, ""error"": true}",3001.5787790890004
v3-warm-b,W,19,574,7,574:7:316,6.350823,accepted,accepted,"{""x"": 361, ""y"": 723, ""w"": 495, ""h"": 838}",26.213,done,,[],689.23,530.77975899987,156.23388299991348,3001.049133615,evidence/v3-warm-b/574_7_316-crop_jpeg.jpg,,3001.7361472569996
v3-warm-b,S,19,575,5,575:5:317,7.215562,accepted,accepted,"{""x"": 1812, ""y"": 1219, ""w"": 570, ""h"": 941}",22.351,done,СЕНЕЖCКА,[0.5763028860092163],708.73,2.5833699996837822,246.3890240001092,3002.071575918,evidence/v3-warm-b/575_5_317-crop_jpeg.jpg,"{""source_request_ids"": [""568:5:306"", ""572:5:313"", ""575:5:317""], ""lines"": [{""text"": ""CEНЕЖCKА"", ""score"": 0.566695511341095}, {""text"": ""СЕНЕЖCКА"", ""score"": 0.6053337454795837}], ""result"": {""status"": ""needs_more_evidence"", ""choice"": null, ""confidence"": null, ""probabilities"": null}, ""duration_ms"": 0.059717999647546094, ""source_ids_dropped"": 0, ""error"": true}",3002.3205483119996
v3-warm-b,D,19,575,8,575:8:318,7.215562,accepted,accepted,"{""x"": 0, ""y"": 744, ""w"": 517, ""h"": 969}",16.715,done,uc,[0.7772717475891113],713.23,246.70901800027423,236.86299799965127,3002.075343469,evidence/v3-warm-b/575_8_318-crop_jpeg.jpg,"{""source_request_ids"": [""575:8:318"", ""578:8:323""], ""lines"": [{""text"": ""12"", ""score"": 0.6136817932128906}, {""text"": ""uc"", ""score"": 0.7772717475891113}], ""result"": {""status"": ""needs_more_evidence"", ""choice"": null, ""confidence"": null, ""probabilities"": null}, ""duration_ms"": 0.05716400028177304, ""source_ids_dropped"": 0, ""error"": true}",3002.558915485
v3-warm-b,P,19,576,1,576:1:319,8.216764,accepted,accepted,"{""x"": 1200, ""y"": 235, ""w"": 538, ""h"": 1243}",36.298,done," | 6LU8E112 | МОЛОКО | 2,5%","[0, 0.35986796021461487, 0.8958995938301086, 0.8751682043075562]",572.26,1.8843369998648996,460.43266400010907,3002.972542831,evidence/v3-warm-b/576_1_319-crop_jpeg.jpg,"{""source_request_ids"": [""567:1:301"", ""570:1:308"", ""573:1:314"", ""576:1:319"", ""579:1:325""], ""lines"": [{""text"": ""2,5%"", ""score"": 0.9661796689033508}, {""text"": ""6LU8E112"", ""score"": 0.35986796021461487}, {""text"": ""AU10"", ""score"": 0.32374903559684753}, {""text"": ""MO"", ""score"": 0.8970581293106079}, {""text"": ""POCTO"", ""score"": 0.9198495745658875}, {""text"": ""S1"", ""score"": 0.2995334267616272}, {""text"": ""U1"", ""score"": 0.39244168996810913}, {""text"": ""МОЛОКО"", ""score"": 0.900402843952179}], ""result"": {""status"": ""needs_more_evidence"", ""choice"": null, ""confidence"": null, ""probabilities"": null}, ""duration_ms"": 0.060880000091856346, ""source_ids_dropped"": 0, ""error"": true}",3003.434859832
v3-warm-b,A,19,577,4,577:4:320,9.253052,accepted,accepted,"{""x"": 2105, ""y"": 735, ""w"": 503, ""h"": 1017}",24.888,done,AKBI | 1M,"[0.8583201169967651, 0.28895217180252075]",559.61,2.242618999844126,555.5884579998747,3003.849588966,evidence/v3-warm-b/577_4_320-crop_jpeg.jpg,"{""source_request_ids"": [""567:4:304"", ""571:4:312"", ""574:4:315"", ""577:4:320"", ""580:4:327""], ""lines"": [{""text"": ""1M"", ""score"": 0.28895217180252075}, {""text"": ""AKB"", ""score"": 0.9900264143943787}, {""text"": ""AKBI"", ""score"": 0.8583201169967651}, {""text"": ""CK"", ""score"": 0.7832353115081787}, {""text"": ""CKA"", ""score"": 0.9698147177696228}], ""result"": {""status"": ""needs_more_evidence"", ""choice"": null, ""confidence"": null, ""probabilities"": null}, ""duration_ms"": 0.059684999996534316, ""source_ids_dropped"": 0, ""error"": true}",3004.4074200429995
v3-warm-b,W,19,577,7,577:7:321,9.253052,accepted,accepted,"{""x"": 673, ""y"": 555, ""w"": 503, ""h"": 854}",21.802,done,"033 | UC | 2,5%","[0.997365415096283, 0.8880888223648071, 0.7606218457221985]",563.79,557.2502739996708,574.6119059999728,3003.852103877,evidence/v3-warm-b/577_7_321-crop_jpeg.jpg,"{""source_request_ids"": [""577:7:321"", ""580:7:328""], ""lines"": [{""text"": ""033"", ""score"": 0.997365415096283}, {""text"": ""2,5%"", ""score"": 0.7606218457221985}, {""text"": ""UC"", ""score"": 0.8880888223648071}, {""text"": ""UCr"", ""score"": 0.7628557085990906}], ""result"": {""status"": ""needs_more_evidence"", ""choice"": null, ""confidence"": null, ""probabilities"": null}, ""duration_ms"": 0.04793800007973914, ""source_ids_dropped"": 0, ""error"": true}",3004.9839660569996
v3-warm-b,S,19,578,5,578:5:322,10.143397,rejected,blurry,"{""x"": 1618, ""y"": 925, ""w"": 706, ""h"": 1219}",13.982,,,[],906.89,,,,evidence/v3-warm-b/578_5_322-crop_jpeg.jpg,,
v3-warm-b,D,19,578,8,578:8:323,10.143397,accepted,accepted,"{""x"": 206, ""y"": 415, ""w"": 786, ""h"": 1179}",19.703,done,12,[0.6136817932128906],915.61,4.312103000302159,631.932477999726,3005.076976913,evidence/v3-warm-b/578_8_323-crop_jpeg.jpg,"{""source_request_ids"": [""575:8:318"", ""578:8:323""], ""lines"": [{""text"": ""12"", ""score"": 0.6136817932128906}, {""text"": ""uc"", ""score"": 0.7772717475891113}], ""result"": {""status"": ""needs_more_evidence"", ""choice"": null, ""confidence"": null, ""probabilities"": null}, ""duration_ms"": 0.05716400028177304, ""source_ids_dropped"": 0, ""error"": true}",3005.713221494
v3-warm-b,ambiguous,19,578,3,578:3:324,10.143397,rejected,blurry,"{""x"": 902, ""y"": 1241, ""w"": 408, ""h"": 711}",7.288,,,[],920.47,,,,evidence/v3-warm-b/578_3_324-crop_jpeg.jpg,,
v3-warm-b,P,19,579,1,579:1:325,11.017837,accepted,accepted,"{""x"": 1085, ""y"": 256, ""w"": 522, ""h"": 1199}",19.339,done,POCTO | MO,"[0.9198495745658875, 0.8970581293106079]",507.35,2.715495999837003,481.8038890002754,3005.904555311,evidence/v3-warm-b/579_1_325-crop_jpeg.jpg,"{""source_request_ids"": [""567:1:301"", ""570:1:308"", ""573:1:314"", ""576:1:319"", ""579:1:325""], ""lines"": [{""text"": ""2,5%"", ""score"": 0.9661796689033508}, {""text"": ""6LU8E112"", ""score"": 0.35986796021461487}, {""text"": ""AU10"", ""score"": 0.32374903559684753}, {""text"": ""MO"", ""score"": 0.8970581293106079}, {""text"": ""POCTO"", ""score"": 0.9198495745658875}, {""text"": ""S1"", ""score"": 0.2995334267616272}, {""text"": ""U1"", ""score"": 0.39244168996810913}, {""text"": ""МОЛОКО"", ""score"": 0.900402843952179}], ""result"": {""status"": ""needs_more_evidence"", ""choice"": null, ""confidence"": null, ""probabilities"": null}, ""duration_ms"": 0.060880000091856346, ""source_ids_dropped"": 0, ""error"": true}",3006.389074696
v3-warm-b,S,19,579,5,579:5:326,11.017837,rejected,blurry,"{""x"": 1564, ""y"": 1005, ""w"": 642, ""h"": 1126}",14.911,,,[],519.04,,,,evidence/v3-warm-b/579_5_326-crop_jpeg.jpg,,
v3-warm-b,A,19,580,4,580:4:327,12.25208,accepted,accepted,"{""x"": 2055, ""y"": 773, ""w"": 511, ""h"": 1008}",20.782,done,AKB,[0.9872307181358337],23.44,121.19469400022354,253.66635699992912,3006.269095395,evidence/v3-warm-b/580_4_327-crop_jpeg.jpg,"{""source_request_ids"": [""567:4:304"", ""571:4:312"", ""574:4:315"", ""577:4:320"", ""580:4:327""], ""lines"": [{""text"": ""1M"", ""score"": 0.28895217180252075}, {""text"": ""AKB"", ""score"": 0.9900264143943787}, {""text"": ""AKBI"", ""score"": 0.8583201169967651}, {""text"": ""CK"", ""score"": 0.7832353115081787}, {""text"": ""CKA"", ""score"": 0.9698147177696228}], ""result"": {""status"": ""needs_more_evidence"", ""choice"": null, ""confidence"": null, ""probabilities"": null}, ""duration_ms"": 0.059684999996534316, ""source_ids_dropped"": 0, ""error"": true}",3006.643956446
v3-warm-b,W,19,580,7,580:7:328,12.25208,accepted,accepted,"{""x"": 849, ""y"": 622, ""w"": 514, ""h"": 893}",18.979,done,033 | UCr | ,"[0.9881917834281921, 0.7628557085990906, 0]",29.33,371.95945800021946,588.397680000071,3006.274043333,evidence/v3-warm-b/580_7_328-crop_jpeg.jpg,"{""source_request_ids"": [""577:7:321"", ""580:7:328""], ""lines"": [{""text"": ""033"", ""score"": 0.997365415096283}, {""text"": ""2,5%"", ""score"": 0.7606218457221985}, {""text"": ""UC"", ""score"": 0.8880888223648071}, {""text"": ""UCr"", ""score"": 0.7628557085990906}], ""result"": {""status"": ""needs_more_evidence"", ""choice"": null, ""confidence"": null, ""probabilities"": null}, ""duration_ms"": 0.04793800007973914, ""source_ids_dropped"": 0, ""error"": true}",3007.2344004710003
v3-warm-b,S,19,580,3,580:3:329,12.25208,accepted,accepted,"{""x"": 1003, ""y"": 1277, ""w"": 516, ""h"": 883}",23.273,done,"2,5% | СЕНЕЖСКАЯ","[0.9640070199966431, 0.8196048140525818]",33.42,959.7547179996582,492.7041770001779,3006.276748829,evidence/v3-warm-b/580_3_329-crop_jpeg.jpg,"{""source_request_ids"": [""580:3:329""], ""lines"": [{""text"": ""2,5%"", ""score"": 0.9640070199966431}, {""text"": ""СЕНЕЖСКАЯ"", ""score"": 0.8196048140525818}], ""result"": {""status"": ""needs_more_evidence"", ""choice"": null, ""confidence"": null, ""probabilities"": null}, ""duration_ms"": 0.05333799981599441, ""source_ids_dropped"": 0, ""error"": true}",3007.729207724
